date,epoch_time,blink_speed,blink_strength,eye_move_up,eye_move_down,eye_move_left,eye_move_right,acc_x,acc_y,acc_z,roll,pitch,yaw,is_walking,fit_error,power_left,event,segment,app_state
2016-06-14_13-29-30,1465903770.23633,0,0,0,0,0,0,-1,1,1,-3.790000,15.320000,66.760002,0,0,5,0,2,0
2016-06-14_13-29-30,1465903770.23905,0,0,0,0,0,0,0,-3,-18,-4.070000,13.650000,67.459999,0,0,5,0,2,0
2016-06-14_13-29-30,1465903770.27434,0,0,0,0,0,0,-5,4,-28,-4.090000,10.500000,68.029999,0,0,5,0,2,0
2016-06-14_13-29-30,1465903770.34930,0,0,0,0,0,0,-4,0,-37,-5.510000,10.350000,68.769997,0,0,5,0,2,0
2016-06-14_13-29-30,1465903770.38684,0,0,0,0,0,0,-3,1,-30,-5.800000,10.730000,68.489998,0,0,5,0,2,0
2016-06-14_13-29-30,1465903770.42437,0,0,0,0,0,0,-1,3,-16,-5.150000,12.080000,67.129997,0,0,5,0,2,0
2016-06-14_13-29-30,1465903770.49933,0,0,0,0,0,0,0,6,-1,-4.530000,13.570000,66.059998,0,0,5,0,2,0
2016-06-14_13-29-30,1465903770.53681,0,0,0,0,0,0,0,4,0,-3.940000,13.790000,66.370003,0,0,5,0,2,0
2016-06-14_13-29-30,1465903770.57421,0,0,0,0,0,0,0,1,0,-3.410000,12.590000,66.980003,1,0,5,0,2,0
2016-06-14_13-29-30,1465903770.64925,0,0,0,0,0,0,1,-1,-17,-2.170000,10.990000,66.680000,0,0,5,0,2,0
2016-06-14_13-29-30,1465903770.68683,0,0,0,0,0,0,4,4,-17,0.000000,9.310000,65.169998,0,0,5,0,2,0
2016-06-14_13-29-30,1465903770.72426,0,0,0,0,0,0,3,0,-38,-0.960000,7.250000,65.120003,0,0,5,0,2,0
2016-06-14_13-29-30,1465903770.79932,0,0,0,0,0,0,3,1,-32,-1.940000,7.240000,65.199997,0,0,5,0,2,0
2016-06-14_13-29-30,1465903770.83706,0,0,0,0,0,0,0,1,-20,-2.680000,8.970000,65.400002,0,0,5,0,2,0
2016-06-14_13-29-30,1465903770.87437,0,0,0,0,0,0,-1,1,-3,-3.310000,11.670000,65.400002,1,0,5,0,2,0
2016-06-14_13-29-30,1465903770.94929,0,0,0,0,0,0,-1,0,0,-3.930000,13.380000,64.550003,0,0,5,0,2,0
2016-06-14_13-29-30,1465903770.98684,0,0,0,0,0,0,-2,1,0,-4.100000,12.970000,62.310001,0,0,5,0,2,0
2016-06-14_13-29-31,1465903771.02430,0,0,0,0,0,0,-4,1,-10,-4.320000,10.840000,59.770000,0,0,5,0,2,0
2016-06-14_13-29-31,1465903771.09930,0,0,0,0,0,0,-4,3,-13,-4.250000,7.780000,56.930000,0,0,5,0,2,0
2016-06-14_13-29-31,1465903771.13680,0,0,0,0,0,0,-2,4,-36,-5.160000,5.840000,55.029999,0,0,5,0,2,0
2016-06-14_13-29-31,1465903771.17423,0,0,0,0,0,0,-2,2,-31,-5.970000,6.030000,53.650002,0,0,5,0,2,0
2016-06-14_13-29-31,1465903771.24938,0,0,0,0,0,0,0,3,-17,-5.270000,6.720000,51.840000,0,0,5,0,2,0
2016-06-14_13-29-31,1465903771.28680,0,0,0,0,0,0,0,2,-4,-5.650000,7.890000,50.900002,1,0,5,0,2,0
2016-06-14_13-29-31,1465903771.32433,0,0,0,0,0,0,1,1,0,-6.110000,8.110000,49.790001,0,0,5,0,2,0
2016-06-14_13-29-31,1465903771.39928,0,0,0,0,0,0,2,2,0,-5.870000,6.680000,47.919998,0,0,5,0,2,0
2016-06-14_13-29-31,1465903771.43694,0,0,0,0,0,0,3,3,-12,-5.080000,4.770000,46.639999,0,0,5,0,2,0
2016-06-14_13-29-31,1465903771.47426,0,0,0,0,0,0,6,5,-16,-2.590000,2.890000,47.970001,0,0,5,0,2,0
2016-06-14_13-29-31,1465903771.69887,0,0,0,0,0,0,5,1,-38,-2.140000,1.600000,51.919998,0,0,5,0,2,0
2016-06-14_13-29-31,1465903771.70173,0,0,0,0,0,0,3,0,-29,-1.770000,1.500000,54.610001,0,0,5,0,2,0
2016-06-14_13-29-31,1465903771.70281,0,0,0,0,0,0,0,-1,-19,-2.120000,1.370000,56.169998,0,0,5,0,2,0
2016-06-14_13-29-31,1465903771.70341,0,0,0,0,0,0,-1,0,-1,-1.800000,2.780000,56.430000,1,0,5,0,2,0
2016-06-14_13-29-31,1465903771.77374,0,0,0,0,0,0,-1,0,0,-1.880000,3.950000,56.160000,0,0,5,0,2,0
2016-06-14_13-29-31,1465903771.77617,0,0,0,0,0,0,-1,0,0,-2.260000,3.810000,55.009998,0,0,5,0,2,0
2016-06-14_13-29-31,1465903771.88673,0,0,0,0,0,0,-2,-1,-12,-2.650000,3.000000,52.419998,0,0,5,0,2,0
2016-06-14_13-29-31,1465903771.88923,0,0,0,0,0,0,-2,-3,-27,-2.750000,2.130000,48.060001,0,0,5,0,2,0
2016-06-14_13-29-31,1465903771.92436,0,0,0,0,0,0,-2,7,-32,-2.410000,2.390000,42.130001,0,0,5,0,2,0
2016-06-14_13-29-31,1465903771.99933,0,0,0,0,0,0,-1,4,-23,-2.750000,3.500000,36.980000,0,0,5,0,2,0
2016-06-14_13-29-32,1465903772.03689,0,0,0,0,0,0,0,3,-11,-2.280000,4.090000,32.169998,0,0,5,0,2,0
2016-06-14_13-29-32,1465903772.11181,0,0,0,0,0,0,2,6,-1,-1.690000,4.790000,27.500000,0,0,5,0,2,0
2016-06-14_13-29-32,1465903772.14926,0,0,0,0,0,0,1,2,1,-0.650000,4.390000,23.809999,0,0,5,0,2,0
2016-06-14_13-29-32,1465903772.18692,0,0,0,0,0,0,4,2,-1,0.710000,3.080000,20.440001,1,0,5,0,2,0
2016-06-14_13-29-32,1465903772.26183,0,0,0,0,0,0,4,2,-7,2.940000,2.480000,16.549999,0,0,5,0,2,0
2016-06-14_13-29-32,1465903772.29936,0,0,0,0,0,0,6,4,-32,6.450000,1.140000,12.040000,0,0,5,0,2,0
2016-06-14_13-29-32,1465903772.37364,0,0,0,0,0,0,5,1,-30,6.120000,-0.100000,9.850000,0,0,5,0,2,0
2016-06-14_13-29-32,1465903772.37567,0,0,0,0,0,0,4,-1,-24,6.350000,-1.960000,8.430000,0,0,5,0,2,0
2016-06-14_13-29-32,1465903772.48663,0,0,0,0,0,0,3,0,-14,6.930000,-3.810000,6.770000,1,0,5,0,2,0
2016-06-14_13-29-32,1465903772.48867,0,0,0,0,0,0,1,0,-8,6.580000,-4.250000,5.110000,0,0,5,0,2,0
2016-06-14_13-29-32,1465903772.52436,0,0,0,0,0,0,0,1,-4,6.500000,-0.570000,3.380000,0,0,5,0,2,0
2016-06-14_13-29-32,1465903772.59932,0,0,0,0,0,0,0,1,1,6.780000,7.110000,1.620000,0,0,5,0,2,0
2016-06-14_13-29-32,1465903772.63696,0,0,0,0,0,0,-4,1,-2,6.370000,12.080000,1.150000,0,0,5,0,2,0
2016-06-14_13-29-32,1465903772.67428,0,0,0,0,0,0,-4,0,-3,7.720000,10.900000,0.320000,0,0,5,0,2,0
2016-06-14_13-29-32,1465903772.74934,0,0,0,0,0,0,-4,3,-29,8.100000,7.990000,0.080000,0,0,5,0,2,0
2016-06-14_13-29-32,1465903772.78689,0,0,0,0,0,0,-3,-2,-30,8.460000,6.300000,359.839996,0,0,5,0,2,0
2016-06-14_13-29-32,1465903772.82434,0,0,0,0,0,0,-2,0,-23,9.240000,4.160000,358.559998,0,0,5,0,2,0
2016-06-14_13-29-32,1465903772.89935,0,0,0,0,0,0,-1,-2,-15,9.700000,3.920000,356.649994,1,0,5,0,2,0
2016-06-14_13-29-32,1465903772.93684,0,0,0,0,0,0,0,0,-8,9.780000,5.200000,352.369995,0,0,5,0,2,0
2016-06-14_13-29-33,1465903773.04866,0,0,0,0,0,0,0,2,-2,9.860000,8.290000,344.829987,0,0,5,0,2,0
2016-06-14_13-29-33,1465903773.05073,0,0,0,0,0,0,1,4,0,9.310000,11.170000,336.529999,0,0,5,0,2,0
2016-06-14_13-29-33,1465903773.16117,0,0,0,0,0,0,0,-3,-31,8.360000,11.840000,329.649994,0,0,5,0,2,0
2016-06-14_13-29-33,1465903773.16329,0,0,0,0,0,0,1,4,-25,8.880000,11.240000,323.989990,0,0,5,0,2,0
2016-06-14_13-29-33,1465903773.19932,0,0,0,0,0,0,0,0,-33,8.210000,10.000000,321.350006,0,0,5,0,2,0
2016-06-14_13-29-33,1465903773.23684,0,0,0,0,0,0,0,0,-27,7.710000,9.420000,318.700012,0,0,5,0,2,0
2016-06-14_13-29-33,1465903773.27437,0,0,0,0,0,0,0,1,-19,4.970000,10.450000,317.299988,0,0,5,0,2,0
2016-06-14_13-29-33,1465903773.42370,0,0,0,0,0,0,0,2,-7,2.350000,13.400000,316.579987,1,0,5,0,2,0
2016-06-14_13-29-33,1465903773.42567,0,0,0,0,0,0,0,2,0,0.300000,16.950001,316.940002,0,0,5,0,2,0
2016-06-14_13-29-33,1465903773.53642,0,0,0,0,0,0,-1,1,0,-1.160000,19.340000,318.019989,0,0,5,0,2,0
2016-06-14_13-29-33,1465903773.53848,0,0,0,0,0,0,-4,1,-15,-1.710000,20.010000,319.010010,0,0,5,0,2,0
2016-06-14_13-29-33,1465903773.53892,0,0,0,0,0,0,-4,9,-15,-1.190000,18.940001,319.459991,0,0,5,0,2,0
2016-06-14_13-29-33,1465903773.57439,0,0,0,0,0,0,-5,7,-28,-1.580000,16.549999,320.100006,0,0,5,0,2,0
2016-06-14_13-29-33,1465903773.64937,0,0,0,0,0,0,-4,3,-32,-2.120000,14.130000,318.420013,0,0,5,0,2,0
2016-06-14_13-29-33,1465903773.72367,0,0,0,0,0,0,-2,5,-21,-2.150000,12.350000,314.480011,0,0,5,0,2,0
2016-06-14_13-29-33,1465903773.72574,0,0,0,0,0,0,0,4,-11,-2.240000,11.230000,311.029999,1,0,5,0,2,0
2016-06-14_13-29-33,1465903773.87434,0,0,0,0,0,0,1,2,-2,-2.320000,10.010000,308.529999,0,0,5,0,2,0
2016-06-14_13-29-33,1465903773.87637,0,0,0,0,0,0,1,0,0,-1.800000,8.160000,305.540009,0,0,5,0,2,0
2016-06-14_13-29-33,1465903773.87680,0,0,0,0,0,0,3,0,-1,-0.700000,5.350000,301.660004,0,0,5,0,2,0
2016-06-14_13-29-33,1465903773.94942,0,0,0,0,0,0,3,0,-11,0.900000,2.340000,296.480011,0,0,5,0,2,0
2016-06-14_13-29-33,1465903773.98687,0,0,0,0,0,0,4,0,-31,2.790000,0.050000,290.010010,0,0,5,0,2,0
2016-06-14_13-29-34,1465903774.06187,0,0,0,0,0,0,3,-1,-33,1.710000,-0.700000,285.200012,0,0,5,0,2,0
2016-06-14_13-29-34,1465903774.09931,0,0,0,0,0,0,3,-1,-27,0.640000,-0.850000,280.869995,0,0,5,0,2,0
2016-06-14_13-29-34,1465903774.13683,0,0,0,0,0,0,1,0,-17,-0.350000,-0.140000,276.600006,0,0,5,0,2,0
2016-06-14_13-29-34,1465903774.17433,0,0,0,0,0,0,1,4,0,-0.980000,1.150000,272.429993,1,0,5,0,2,0
2016-06-14_13-29-34,1465903774.28619,0,0,0,0,0,0,-1,0,-2,-2.180000,1.520000,269.980011,0,0,5,0,2,0
2016-06-14_13-29-34,1465903774.28825,0,0,0,0,0,0,0,2,0,-1.870000,0.950000,267.869995,0,0,5,0,2,0
2016-06-14_13-29-34,1465903774.54901,0,0,0,0,0,0,-3,-3,-17,-1.860000,-0.060000,266.459991,0,0,5,0,2,0
2016-06-14_13-29-34,1465903774.55120,0,0,0,0,0,0,2,7,-19,0.450000,-1.250000,263.880005,0,0,5,0,2,0
2016-06-14_13-29-34,1465903774.55177,0,0,0,0,0,0,1,0,-34,-0.700000,-1.600000,262.510010,0,0,5,0,2,0
2016-06-14_13-29-34,1465903774.62371,0,0,0,0,0,0,0,1,-29,-0.130000,-0.650000,260.670013,0,0,5,0,2,0
2016-06-14_13-29-34,1465903774.66123,0,0,0,0,0,0,0,2,-18,0.170000,0.400000,259.000000,0,0,5,0,2,0
2016-06-14_13-29-34,1465903774.66338,0,0,0,0,0,0,1,2,-9,-0.630000,1.130000,257.369995,1,0,5,0,2,0
2016-06-14_13-29-34,1465903774.66407,0,0,0,0,0,0,1,2,-2,-1.500000,1.320000,256.250000,0,0,5,0,2,0
2016-06-14_13-29-34,1465903774.69936,0,0,0,0,0,0,1,2,-1,-1.440000,1.870000,256.299988,0,0,5,0,2,0
2016-06-14_13-29-34,1465903774.77371,0,0,0,0,0,0,4,2,-4,-0.360000,2.520000,258.429993,0,0,5,0,2,0
2016-06-14_13-29-34,1465903774.77591,0,0,0,0,0,0,6,1,-2,2.580000,3.530000,262.230011,0,0,5,0,2,0
2016-06-14_13-29-34,1465903774.84939,0,0,0,0,0,0,4,-1,-34,2.830000,3.000000,268.000000,0,0,5,0,2,0
2016-06-14_13-29-34,1465903774.88723,0,0,0,0,0,0,4,0,-33,3.040000,3.110000,272.549988,0,0,5,0,2,0
2016-06-14_13-29-34,1465903774.92445,0,0,0,0,0,0,2,0,-26,2.370000,4.600000,275.670013,0,0,5,0,2,0
2016-06-14_13-29-35,1465903774.99950,0,0,0,0,0,0,1,0,-15,1.250000,6.950000,278.200012,0,0,5,0,2,0
2016-06-14_13-29-35,1465903775.03693,0,0,0,0,0,0,1,1,-2,0.660000,9.160000,280.019989,1,0,5,0,2,0
2016-06-14_13-29-35,1465903775.07495,0,0,0,0,0,0,0,0,-1,0.220000,10.500000,281.630005,0,0,5,0,2,0
2016-06-14_13-29-35,1465903775.18631,0,0,0,0,0,0,0,0,0,0.460000,10.550000,283.149994,0,0,5,0,2,0
2016-06-14_13-29-35,1465903775.18842,0,0,0,0,0,0,-3,0,-18,1.150000,10.000000,284.640015,0,0,5,0,2,0
2016-06-14_13-29-35,1465903775.29878,0,0,0,0,0,0,-3,4,-14,2.040000,9.660000,285.859985,0,0,5,0,2,0
2016-06-14_13-29-35,1465903775.37390,0,0,0,0,0,0,-3,4,-33,1.540000,9.120000,287.510010,0,0,5,0,2,0
2016-06-14_13-29-35,1465903775.37602,0,0,0,0,0,0,-4,0,-31,1.260000,9.990000,288.529999,0,0,5,0,2,0
2016-06-14_13-29-35,1465903775.37761,0,0,0,0,0,0,-2,3,-19,1.850000,10.130000,287.910004,0,0,5,0,2,0
2016-06-14_13-29-35,1465903775.44962,0,0,0,0,0,0,0,3,-11,1.740000,10.760000,287.440002,1,0,5,0,2,0
2016-06-14_13-29-35,1465903775.56126,0,0,0,0,0,0,0,2,-2,1.200000,11.840000,287.339996,0,0,5,0,2,0
2016-06-14_13-29-35,1465903775.56332,0,0,0,0,0,0,0,2,0,1.410000,12.160000,286.809998,0,0,5,0,2,0
2016-06-14_13-29-35,1465903775.59947,0,0,0,0,0,0,1,3,0,2.050000,11.090000,285.970001,0,0,5,0,2,0
2016-06-14_13-29-35,1465903775.67382,0,0,0,0,0,0,0,11,-15,2.880000,8.840000,285.140015,0,0,5,0,2,0
2016-06-14_13-29-35,1465903775.67604,0,0,0,0,0,0,0,7,-34,4.230000,6.820000,284.230011,0,0,5,0,2,0
2016-06-14_13-29-35,1465903775.82384,0,0,0,0,0,0,0,5,-33,3.360000,6.640000,285.410004,0,0,5,0,2,0
2016-06-14_13-29-35,1465903775.82610,0,0,0,0,0,0,0,5,-25,2.440000,7.210000,287.170013,0,0,5,0,2,0
2016-06-14_13-29-35,1465903775.82663,0,0,0,0,0,0,0,1,-16,1.390000,7.710000,289.209991,0,0,5,0,2,0
2016-06-14_13-29-35,1465903775.93634,0,0,0,0,0,0,-1,0,-2,1.380000,7.680000,289.559998,1,0,5,0,2,0
2016-06-14_13-29-35,1465903775.93849,0,0,0,0,0,0,0,-1,1,1.570000,6.410000,287.390015,0,0,5,0,2,0
2016-06-14_13-29-35,1465903775.97433,0,0,0,0,0,0,-1,-2,0,1.750000,3.300000,282.970001,0,0,5,0,2,0
2016-06-14_13-29-36,1465903776.08625,0,0,0,0,0,0,-1,-2,-24,2.440000,-0.570000,276.809998,0,0,5,0,2,0
2016-06-14_13-29-36,1465903776.08829,0,0,0,0,0,0,-1,-1,-25,3.840000,-3.140000,269.880005,0,0,5,0,2,0
2016-06-14_13-29-36,1465903776.12443,0,0,0,0,0,0,0,1,-32,3.600000,-3.900000,264.779999,0,0,5,0,2,0
2016-06-14_13-29-36,1465903776.19937,0,0,0,0,0,0,-1,-1,-29,2.160000,-2.810000,261.750000,0,0,5,0,2,0
2016-06-14_13-29-36,1465903776.23695,0,0,0,0,0,0,0,0,-16,2.200000,-2.270000,259.500000,0,0,5,0,2,0
2016-06-14_13-29-36,1465903776.31200,0,0,0,0,0,0,1,1,-3,2.170000,-1.520000,258.179993,1,0,5,0,2,0
2016-06-14_13-29-36,1465903776.34941,0,0,0,0,0,0,1,0,-1,1.640000,-0.580000,257.010010,0,0,5,0,2,0
2016-06-14_13-29-36,1465903776.42374,0,0,0,0,0,0,2,1,1,2.360000,-0.420000,255.160004,0,0,5,0,2,0
2016-06-14_13-29-36,1465903776.42593,0,0,0,0,0,0,1,-1,-10,4.530000,-0.380000,252.960007,0,0,5,0,2,0
2016-06-14_13-29-36,1465903776.49954,0,0,0,0,0,0,5,3,-8,9.480000,1.220000,249.100006,0,0,5,0,2,0
2016-06-14_13-29-36,1465903776.53708,0,0,0,0,0,0,0,0,-37,8.790000,3.090000,247.070007,0,0,5,0,2,0
2016-06-14_13-29-36,1465903776.61184,0,0,0,0,0,0,2,2,-34,7.770000,4.940000,246.410004,0,0,5,0,2,0
2016-06-14_13-29-36,1465903776.64962,0,0,0,0,0,0,1,1,-24,6.120000,6.100000,247.000000,0,0,5,0,2,0
2016-06-14_13-29-36,1465903776.72379,0,0,0,0,0,0,0,0,-10,4.860000,7.740000,246.610001,1,0,5,0,2,0
2016-06-14_13-29-36,1465903776.72610,0,0,0,0,0,0,0,2,3,3.710000,7.850000,244.589996,0,0,5,0,2,0
2016-06-14_13-29-36,1465903776.79942,0,0,0,0,0,0,-1,1,-2,1.850000,4.910000,242.100006,0,0,5,0,2,0
2016-06-14_13-29-36,1465903776.83711,0,0,0,0,0,0,0,3,-3,0.680000,1.950000,239.520004,0,0,5,0,2,0
2016-06-14_13-29-36,1465903776.91194,0,0,0,0,0,0,0,6,-9,0.870000,-0.090000,237.520004,0,0,5,0,2,0
2016-06-14_13-29-37,1465903777.02398,0,0,0,0,0,0,0,1,-34,1.290000,-1.560000,236.500000,0,0,5,0,2,0
2016-06-14_13-29-37,1465903777.02595,0,0,0,0,0,0,-1,-2,-33,1.380000,-1.490000,236.039993,0,0,5,0,2,0
2016-06-14_13-29-37,1465903777.06197,0,0,0,0,0,0,0,0,-24,1.300000,-1.580000,235.419998,0,0,5,0,2,0
2016-06-14_13-29-37,1465903777.13631,0,0,0,0,0,0,1,0,-13,0.770000,-1.310000,234.779999,1,0,5,0,2,0
2016-06-14_13-29-37,1465903777.13851,0,0,0,0,0,0,2,2,-1,0.580000,-1.030000,234.029999,0,0,5,0,2,0
2016-06-14_13-29-37,1465903777.17437,0,0,0,0,0,0,2,0,-2,0.590000,-0.760000,233.199997,0,0,5,0,2,0
2016-06-14_13-29-37,1465903777.32379,0,0,0,0,0,0,3,1,0,1.700000,-0.690000,231.809998,0,0,5,0,2,0
2016-06-14_13-29-37,1465903777.32591,0,0,0,0,0,0,1,-8,-31,2.580000,-0.670000,230.149994,0,0,5,0,2,0
2016-06-14_13-29-37,1465903777.32642,0,0,0,0,0,0,8,3,-28,4.240000,-1.150000,227.320007,0,0,5,0,2,0
2016-06-14_13-29-37,1465903777.43640,0,0,0,0,0,0,7,-1,-36,3.210000,-0.490000,224.600006,0,0,5,0,2,0
2016-06-14_13-29-37,1465903777.43858,0,0,0,0,0,0,3,-1,-30,3.530000,0.150000,220.559998,0,0,5,0,2,0
2016-06-14_13-29-37,1465903777.47438,0,0,0,0,0,0,0,0,-17,3.750000,1.090000,216.259995,0,0,5,0,2,0
2016-06-14_13-29-37,1465903777.54953,0,0,0,0,0,0,0,2,-4,3.290000,2.510000,212.529999,1,0,5,0,2,0
2016-06-14_13-29-37,1465903777.58695,0,0,0,0,0,0,0,1,2,2.140000,3.300000,209.679993,0,0,5,0,2,0
2016-06-14_13-29-37,1465903777.62449,0,0,0,0,0,0,-1,1,-1,1.510000,1.850000,206.919998,0,0,5,0,2,0
2016-06-14_13-29-37,1465903777.73633,0,0,0,0,0,0,-2,0,-7,2.370000,0.250000,204.210007,0,0,5,0,2,0
2016-06-14_13-29-37,1465903777.73839,0,0,0,0,0,0,-1,1,-14,3.890000,-1.050000,201.759995,0,0,5,0,2,0
2016-06-14_13-29-37,1465903777.77439,0,0,0,0,0,0,-1,0,-32,2.940000,-1.480000,200.779999,0,0,5,0,2,0
2016-06-14_13-29-37,1465903777.84952,0,0,0,0,0,0,-1,-1,-34,2.390000,-1.680000,200.070007,0,0,5,0,2,0
2016-06-14_13-29-37,1465903777.88697,0,0,0,0,0,0,0,0,-21,2.820000,-1.490000,199.350006,0,0,5,0,2,0
2016-06-14_13-29-37,1465903777.92450,0,0,0,0,0,0,1,-1,-10,2.720000,-0.690000,198.669998,1,0,5,0,2,0
2016-06-14_13-29-38,1465903778.03634,0,0,0,0,0,0,1,0,-1,2.480000,-0.290000,197.539993,0,0,5,0,2,0
2016-06-14_13-29-38,1465903778.03840,0,0,0,0,0,0,2,0,-2,1.930000,-0.140000,196.479996,0,0,5,0,2,0
2016-06-14_13-29-38,1465903778.07439,0,0,0,0,0,0,3,1,1,2.550000,-0.620000,195.690002,0,0,5,0,2,0
2016-06-14_13-29-38,1465903778.14951,0,0,0,0,0,0,2,-13,-37,2.800000,-1.730000,195.169998,0,0,5,0,2,0
2016-06-14_13-29-38,1465903778.18705,0,0,0,0,0,0,6,0,-25,4.570000,-1.880000,192.630005,0,0,5,0,2,0
2016-06-14_13-29-38,1465903778.22455,0,0,0,0,0,0,5,-2,-32,3.600000,-1.020000,191.039993,0,0,5,0,2,0
2016-06-14_13-29-38,1465903778.37396,0,0,0,0,0,0,3,-3,-30,4.680000,-1.160000,189.820007,0,0,5,0,2,0
2016-06-14_13-29-38,1465903778.37602,0,0,0,0,0,0,1,0,-19,4.960000,-0.830000,188.699997,0,0,5,0,2,0
2016-06-14_13-29-38,1465903778.37647,0,0,0,0,0,0,1,1,-5,2.550000,2.150000,188.429993,1,0,5,0,2,0
2016-06-14_13-29-38,1465903778.44958,0,0,0,0,0,0,0,1,1,0.270000,5.090000,189.250000,0,0,5,0,2,0
2016-06-14_13-29-38,1465903778.48706,0,0,0,0,0,0,0,0,-2,0.250000,6.450000,190.809998,0,0,5,0,2,0
2016-06-14_13-29-38,1465903778.59880,0,0,0,0,0,0,0,1,0,1.850000,7.600000,192.830002,0,0,5,0,2,0
2016-06-14_13-29-38,1465903778.60090,0,0,0,0,0,0,-4,6,-11,3.610000,8.640000,194.330002,0,0,5,0,2,0
2016-06-14_13-29-38,1465903778.63717,0,0,0,0,0,0,-6,2,-31,4.100000,9.980000,195.089996,0,0,5,0,2,0
2016-06-14_13-29-38,1465903778.74880,0,0,0,0,0,0,-5,2,-36,3.510000,11.150000,196.509995,0,0,5,0,2,0
2016-06-14_13-29-38,1465903778.75087,0,0,0,0,0,0,-3,3,-27,2.640000,13.510000,197.009995,0,0,5,0,2,0
2016-06-14_13-29-38,1465903778.86132,0,0,0,0,0,0,-1,4,-14,1.570000,16.150000,196.860001,1,0,5,0,2,0
2016-06-14_13-29-38,1465903778.86338,0,0,0,0,0,0,0,3,-3,0.080000,18.469999,197.350006,0,0,5,0,2,0
2016-06-14_13-29-38,1465903778.97391,0,0,0,0,0,0,1,1,-1,-0.930000,19.750000,197.889999,0,0,5,0,2,0
2016-06-14_13-29-38,1465903778.97596,0,0,0,0,0,0,2,2,0,0.180000,19.510000,197.029999,0,0,5,0,2,0
2016-06-14_13-29-38,1465903778.97640,0,0,0,0,0,0,0,0,-26,1.860000,18.700001,195.660004,0,0,5,0,2,0
2016-06-14_13-29-39,1465903779.04956,0,0,0,0,0,0,3,10,-22,4.790000,17.650000,191.080002,0,0,5,0,2,0
2016-06-14_13-29-39,1465903779.08706,0,0,0,0,0,0,2,9,-35,4.970000,17.330000,186.889999,0,0,5,0,2,0
2016-06-14_13-29-39,1465903779.16210,0,0,0,0,0,0,2,7,-30,4.340000,18.540001,183.600006,0,0,5,0,2,0
2016-06-14_13-29-39,1465903779.19963,0,0,0,0,0,0,0,5,-19,3.920000,19.410000,182.020004,0,0,5,0,2,0
2016-06-14_13-29-39,1465903779.31134,0,0,0,0,0,0,-1,3,-3,4.180000,21.040001,181.160004,1,0,5,0,2,0
2016-06-14_13-29-39,1465903779.31342,0,0,0,0,0,0,-2,1,2,4.420000,22.420000,180.289993,0,0,5,0,2,0
2016-06-14_13-29-39,1465903779.34963,0,0,0,0,0,0,-3,1,0,5.050000,22.660000,178.919998,0,0,5,0,2,0
2016-06-14_13-29-39,1465903779.42382,0,0,0,0,0,0,-4,4,-4,5.870000,22.709999,177.210007,0,0,5,0,2,0
2016-06-14_13-29-39,1465903779.42600,0,0,0,0,0,0,-7,8,-6,6.760000,22.760000,175.449997,0,0,5,0,2,0
2016-06-14_13-29-39,1465903779.49963,0,0,0,0,0,0,-6,11,-31,5.600000,22.700001,175.649994,0,0,5,0,2,0
2016-06-14_13-29-39,1465903779.53710,0,0,0,0,0,0,-7,8,-29,4.460000,23.219999,175.199997,0,0,5,0,2,0
2016-06-14_13-29-39,1465903779.57442,0,0,0,0,0,0,-4,6,-21,4.050000,22.860001,173.309998,0,0,5,0,2,0
2016-06-14_13-29-39,1465903779.64959,0,0,0,0,0,0,0,5,-9,3.180000,22.320000,171.779999,1,0,5,0,2,0
2016-06-14_13-29-39,1465903779.68702,0,0,0,0,0,0,0,4,-2,2.460000,21.160000,170.789993,0,0,5,0,2,0
2016-06-14_13-29-39,1465903779.72452,0,0,0,0,0,0,0,2,-1,2.910000,19.000000,169.289993,0,0,5,0,2,0
2016-06-14_13-29-39,1465903779.79961,0,0,0,0,0,0,1,2,0,3.800000,15.560000,167.399994,0,0,5,0,2,0
2016-06-14_13-29-39,1465903779.83726,0,0,0,0,0,0,1,0,-21,4.820000,12.000000,165.020004,0,0,5,0,2,0
2016-06-14_13-29-39,1465903779.87444,0,0,0,0,0,0,1,2,-33,5.300000,9.440000,163.300003,0,0,5,0,2,0
2016-06-14_13-29-39,1465903779.94971,0,0,0,0,0,0,2,1,-33,5.690000,6.960000,162.360001,0,0,5,0,2,0
2016-06-14_13-29-39,1465903779.98703,0,0,0,0,0,0,1,0,-27,6.090000,5.940000,161.179993,0,0,5,0,2,0
2016-06-14_13-29-40,1465903780.06201,0,0,0,0,0,0,0,0,-16,5.080000,7.100000,159.789993,0,0,5,0,2,0
2016-06-14_13-29-40,1465903780.13640,0,0,0,0,0,0,0,2,-2,3.400000,8.870000,157.910004,1,0,5,0,2,0
2016-06-14_13-29-40,1465903780.13885,0,0,0,0,0,0,-1,1,0,1.980000,9.590000,156.479996,0,0,5,0,2,0
2016-06-14_13-29-40,1465903780.17438,0,0,0,0,0,0,-1,0,0,1.830000,9.090000,154.800003,0,0,5,0,2,0
2016-06-14_13-29-40,1465903780.24962,0,0,0,0,0,0,-2,1,-4,2.010000,7.630000,153.339996,0,0,5,0,2,0
2016-06-14_13-29-40,1465903780.28703,0,0,0,0,0,0,-3,0,-11,2.390000,5.820000,152.699997,0,0,5,0,2,0
2016-06-14_13-29-40,1465903780.32456,0,0,0,0,0,0,-3,5,-35,2.540000,4.490000,153.210007,0,0,5,0,2,0
2016-06-14_13-29-40,1465903780.39977,0,0,0,0,0,0,-4,0,-33,1.280000,5.750000,154.479996,0,0,5,0,2,0
2016-06-14_13-29-40,1465903780.43706,0,0,0,0,0,0,-1,3,-21,0.990000,6.190000,154.830002,0,0,5,0,2,0
2016-06-14_13-29-40,1465903780.47444,0,0,0,0,0,0,0,1,-7,0.390000,6.620000,155.240005,1,0,5,0,2,0
2016-06-14_13-29-40,1465903780.54961,0,0,0,0,0,0,2,2,0,-0.370000,6.820000,154.429993,0,0,5,0,2,0
2016-06-14_13-29-40,1465903780.58705,0,0,0,0,0,0,3,0,-2,-0.740000,6.360000,152.880005,0,0,5,0,2,0
2016-06-14_13-29-40,1465903780.62454,0,0,0,0,0,0,3,1,0,-0.120000,4.670000,150.630005,0,0,5,0,2,0
2016-06-14_13-29-40,1465903780.69965,0,0,0,0,0,0,2,-9,-36,0.900000,2.800000,147.720001,0,0,5,0,2,0
2016-06-14_13-29-40,1465903780.73712,0,0,0,0,0,0,4,1,-32,2.340000,1.400000,143.690002,0,0,5,0,2,0
2016-06-14_13-29-40,1465903780.77446,0,0,0,0,0,0,4,1,-33,1.980000,1.610000,140.199997,0,0,5,0,2,0
2016-06-14_13-29-40,1465903780.84990,0,0,0,0,0,0,3,0,-31,1.530000,1.780000,138.020004,0,0,5,0,2,0
2016-06-14_13-29-40,1465903780.88709,0,0,0,0,0,0,1,0,-20,0.780000,2.820000,136.449997,0,0,5,0,2,0
2016-06-14_13-29-40,1465903780.92456,0,0,0,0,0,0,0,1,-5,0.380000,5.000000,134.880005,1,0,5,0,2,0
2016-06-14_13-29-41,1465903780.99964,0,0,0,0,0,0,0,2,2,-0.060000,6.600000,133.729996,0,0,5,0,2,0
2016-06-14_13-29-41,1465903781.03714,0,0,0,0,0,0,0,1,0,0.280000,7.040000,132.330002,0,0,5,0,2,0
2016-06-14_13-29-41,1465903781.07446,0,0,0,0,0,0,-1,1,-1,0.340000,6.550000,130.570007,0,0,5,0,2,0
2016-06-14_13-29-41,1465903781.14962,0,0,0,0,0,0,-1,4,-10,0.630000,4.780000,128.250000,0,0,5,0,2,0
2016-06-14_13-29-41,1465903781.18705,0,0,0,0,0,0,-1,2,-33,0.590000,4.590000,126.000000,0,0,5,0,2,0
2016-06-14_13-29-41,1465903781.22460,0,0,0,0,0,0,-2,1,-33,0.120000,6.320000,124.010002,0,0,5,0,2,0
2016-06-14_13-29-41,1465903781.29965,0,0,0,0,0,0,-1,4,-23,0.830000,7.030000,121.419998,0,0,5,0,2,0
2016-06-14_13-29-41,1465903781.33716,0,0,0,0,0,0,0,1,-13,0.760000,8.010000,120.309998,1,0,5,0,2,0
2016-06-14_13-29-41,1465903781.37448,0,0,0,0,0,0,1,1,-2,0.070000,9.330000,119.320000,0,0,5,0,2,0
2016-06-14_13-29-41,1465903781.48642,0,0,0,0,0,0,2,0,-2,-0.640000,10.040000,117.760002,0,0,5,0,2,0
2016-06-14_13-29-41,1465903781.48848,0,0,0,0,0,0,2,2,0,-0.400000,9.880000,115.709999,0,0,5,0,2,0
2016-06-14_13-29-41,1465903781.52463,0,0,0,0,0,0,0,-10,-44,0.690000,9.130000,113.070000,0,0,5,0,2,0
2016-06-14_13-29-41,1465903781.63645,0,0,0,0,0,0,6,5,-28,2.320000,8.930000,107.809998,0,0,5,0,2,0
2016-06-14_13-29-41,1465903781.63850,0,0,0,0,0,0,6,3,-34,0.370000,10.160000,102.279999,0,0,5,0,2,0
2016-06-14_13-29-41,1465903781.67450,0,0,0,0,0,0,3,3,-28,0.190000,11.150000,96.650002,0,0,5,0,2,0
2016-06-14_13-29-41,1465903781.74970,0,0,0,0,0,0,1,3,-16,-0.890000,12.930000,92.279999,0,0,5,0,2,0
2016-06-14_13-29-41,1465903781.78709,0,0,0,0,0,0,1,2,-3,-2.860000,15.970000,88.540001,1,0,5,0,2,0
2016-06-14_13-29-41,1465903781.82461,0,0,0,0,0,0,0,2,0,-4.360000,18.290001,85.300003,0,0,5,0,2,0
2016-06-14_13-29-41,1465903781.93645,0,0,0,0,0,0,0,2,0,-4.310000,19.430000,82.019997,0,0,5,0,2,0
2016-06-14_13-29-41,1465903781.93853,0,0,0,0,0,0,-2,4,-4,-4.180000,18.780001,79.500000,0,0,5,0,2,0
2016-06-14_13-29-42,1465903782.01211,0,0,0,0,0,0,0,7,0,-3.250000,17.250000,76.410004,0,0,5,0,2,0
2016-06-14_13-29-42,1465903782.04969,0,0,0,0,0,0,0,10,-33,-5.010000,15.660000,74.290001,0,0,5,0,2,0
2016-06-14_13-29-42,1465903782.08710,0,0,0,0,0,0,-1,9,-26,-5.130000,15.780000,71.629997,0,0,5,0,2,0
2016-06-14_13-29-42,1465903782.12457,0,0,0,0,0,0,0,5,-19,-4.610000,15.720000,70.800003,0,0,5,0,2,0
2016-06-14_13-29-42,1465903782.19970,0,0,0,0,0,0,1,4,-9,-4.330000,15.950000,71.029999,1,0,5,0,2,0
2016-06-14_13-29-42,1465903782.23719,0,0,0,0,0,0,1,5,-2,-4.660000,16.280001,72.050003,0,0,5,0,2,0
2016-06-14_13-29-42,1465903782.27447,0,0,0,0,0,0,2,3,-2,-4.290000,16.799999,74.620003,0,0,5,0,2,0
2016-06-14_13-29-42,1465903782.34965,0,0,0,0,0,0,2,2,-1,-1.920000,16.379999,77.320000,0,0,5,0,2,0
2016-06-14_13-29-42,1465903782.38708,0,0,0,0,0,0,5,6,1,0.880000,15.530000,78.320000,0,0,5,0,2,0
2016-06-14_13-29-42,1465903782.42458,0,0,0,0,0,0,3,4,-39,1.220000,13.320000,79.110001,0,0,5,0,2,0
2016-06-14_13-29-42,1465903782.49968,0,0,0,0,0,0,4,4,-34,0.650000,13.440000,78.860001,0,0,5,0,2,0
2016-06-14_13-29-42,1465903782.53719,0,0,0,0,0,0,2,4,-24,-0.480000,12.500000,78.849998,0,0,5,0,2,0
2016-06-14_13-29-42,1465903782.57448,0,0,0,0,0,0,1,3,-14,-1.640000,12.990000,78.599998,1,0,5,0,2,0
2016-06-14_13-29-42,1465903782.64966,0,0,0,0,0,0,0,2,-2,-1.870000,14.290000,77.959999,0,0,5,0,2,0
2016-06-14_13-29-42,1465903782.68710,0,0,0,0,0,0,-1,2,1,-2.050000,14.730000,76.980003,0,0,5,0,2,0
2016-06-14_13-29-42,1465903782.76211,0,0,0,0,0,0,-1,1,-1,-2.060000,14.140000,75.610001,0,0,5,0,2,0
2016-06-14_13-29-42,1465903782.79968,0,0,0,0,0,0,-2,0,-7,-1.550000,12.680000,74.010002,0,0,5,0,2,0
2016-06-14_13-29-42,1465903782.83717,0,0,0,0,0,0,0,8,-1,0.130000,9.570000,71.900002,0,0,5,0,2,0
2016-06-14_13-29-42,1465903782.87449,0,0,0,0,0,0,0,3,-33,-0.790000,7.510000,71.489998,0,0,5,0,2,0
2016-06-14_13-29-42,1465903782.94969,0,0,0,0,0,0,0,2,-32,-1.980000,7.600000,70.629997,0,0,5,0,2,0
2016-06-14_13-29-42,1465903782.98712,0,0,0,0,0,0,1,3,-22,-2.190000,7.440000,69.309998,0,0,5,0,2,0
2016-06-14_13-29-43,1465903783.02474,0,0,0,0,0,0,2,1,-12,-2.150000,6.870000,68.440002,1,0,5,0,2,0
2016-06-14_13-29-43,1465903783.09970,0,0,0,0,0,0,1,2,-2,-2.090000,5.930000,67.820000,0,0,5,0,2,0
2016-06-14_13-29-43,1465903783.13720,0,0,0,0,0,0,1,0,-3,-1.940000,5.130000,67.160004,0,0,5,0,2,0
2016-06-14_13-29-43,1465903783.17456,0,0,0,0,0,0,2,1,0,-0.680000,4.460000,65.959999,0,0,5,0,2,0
2016-06-14_13-29-43,1465903783.24971,0,0,0,0,0,0,3,2,-14,0.830000,3.460000,64.260002,0,0,5,0,2,0
2016-06-14_13-29-43,1465903783.28710,0,0,0,0,0,0,6,6,-33,1.880000,1.950000,62.180000,0,0,5,0,2,0
2016-06-14_13-29-43,1465903783.32460,0,0,0,0,0,0,6,1,-31,0.900000,1.910000,61.009998,0,0,5,0,2,0
2016-06-14_13-29-43,1465903783.39977,0,0,0,0,0,0,4,0,-28,1.550000,1.550000,59.470001,0,0,5,0,2,0
2016-06-14_13-29-43,1465903783.43732,0,0,0,0,0,0,1,0,-16,1.460000,2.740000,58.220001,0,0,5,0,2,0
2016-06-14_13-29-43,1465903783.47450,0,0,0,0,0,0,0,1,-6,1.200000,3.450000,57.150002,1,0,5,0,2,0
2016-06-14_13-29-43,1465903783.58644,0,0,0,0,0,0,0,2,0,1.410000,3.190000,56.299999,0,0,5,0,2,0
2016-06-14_13-29-43,1465903783.58850,0,0,0,0,0,0,0,1,-1,1.480000,3.140000,55.570000,0,0,5,0,2,0
2016-06-14_13-29-43,1465903783.62464,0,0,0,0,0,0,-2,0,-4,1.660000,3.310000,55.029999,0,0,5,0,2,0
2016-06-14_13-29-43,1465903783.69975,0,0,0,0,0,0,-2,0,-8,2.510000,3.460000,54.560001,0,0,5,0,2,0
2016-06-14_13-29-43,1465903783.73727,0,0,0,0,0,0,-2,2,-30,2.140000,3.640000,54.840000,0,0,5,0,2,0
2016-06-14_13-29-43,1465903783.77451,0,0,0,0,0,0,-3,0,-34,0.750000,5.360000,55.430000,0,0,5,0,2,0
2016-06-14_13-29-43,1465903783.84971,0,0,0,0,0,0,-1,2,-24,0.480000,6.800000,55.220001,0,0,5,0,2,0
2016-06-14_13-29-43,1465903783.88714,0,0,0,0,0,0,0,0,-12,-0.070000,8.850000,54.790001,1,0,5,0,2,0
2016-06-14_13-29-43,1465903783.92462,0,0,0,0,0,0,0,2,-3,-0.690000,10.820000,53.480000,0,0,5,0,2,0
2016-06-14_13-29-44,1465903783.99968,0,0,0,0,0,0,0,1,-3,-1.490000,12.770000,51.910000,0,0,5,0,2,0
2016-06-14_13-29-44,1465903784.03729,0,0,0,0,0,0,1,1,1,-0.940000,14.610000,49.349998,0,0,5,0,2,0
2016-06-14_13-29-44,1465903784.07451,0,0,0,0,0,0,0,-5,-32,0.030000,15.270000,46.169998,0,0,5,0,2,0
2016-06-14_13-29-44,1465903784.22399,0,0,0,0,0,0,2,9,-17,1.500000,15.050000,41.459999,0,0,5,0,2,0
2016-06-14_13-29-44,1465903784.22622,0,0,0,0,0,0,1,10,-33,0.040000,15.950000,37.709999,0,0,5,0,2,0
2016-06-14_13-29-44,1465903784.22824,0,0,0,0,0,0,2,10,-31,-1.770000,17.750000,34.619999,0,0,5,0,2,0
2016-06-14_13-29-44,1465903784.29969,0,0,0,0,0,0,0,7,-20,-2.730000,19.530001,32.330002,0,0,5,0,2,0
2016-06-14_13-29-44,1465903784.33723,0,0,0,0,0,0,-1,4,-9,-3.110000,22.639999,30.090000,1,0,5,0,2,0
2016-06-14_13-29-44,1465903784.37452,0,0,0,0,0,0,-1,2,2,-4.050000,25.740000,28.480000,0,0,5,0,2,0
2016-06-14_13-29-44,1465903784.44974,0,0,0,0,0,0,-1,0,0,-5.610000,28.930000,27.320000,0,0,5,0,2,0
2016-06-14_13-29-44,1465903784.48750,0,0,0,0,0,0,-1,2,1,-6.680000,30.850000,26.010000,0,0,5,0,2,0
2016-06-14_13-29-44,1465903784.59916,0,0,0,0,0,0,-4,11,-2,-7.440000,30.629999,25.459999,0,0,5,0,2,0
2016-06-14_13-29-44,1465903784.60122,0,0,0,0,0,0,-5,17,-22,-8.220000,29.990000,26.280001,0,0,5,0,2,0
2016-06-14_13-29-44,1465903784.63722,0,0,0,0,0,0,-6,12,-32,-8.090000,27.830000,28.910000,0,0,5,0,2,0
2016-06-14_13-29-44,1465903784.67453,0,0,0,0,0,0,-5,10,-24,-6.780000,26.250000,31.340000,0,0,5,0,2,0
2016-06-14_13-29-44,1465903784.74976,0,0,0,0,0,0,-2,6,-15,-6.440000,25.549999,34.529999,1,0,5,0,2,0
2016-06-14_13-29-44,1465903784.78715,0,0,0,0,0,0,0,4,-6,-6.670000,24.719999,37.660000,0,0,5,0,2,0
2016-06-14_13-29-44,1465903784.82472,0,0,0,0,0,0,0,2,0,-6.250000,22.750000,40.130001,0,0,5,0,2,0
2016-06-14_13-29-44,1465903784.89975,0,0,0,0,0,0,0,3,0,-4.710000,20.090000,41.619999,0,0,5,0,2,0
2016-06-14_13-29-44,1465903784.93724,0,0,0,0,0,0,0,3,-11,-3.470000,18.299999,42.590000,0,0,5,0,2,0
2016-06-14_13-29-44,1465903784.97460,0,0,0,0,0,0,1,10,-17,-2.360000,15.240000,42.380001,0,0,5,0,2,0
2016-06-14_13-29-45,1465903785.04978,0,0,0,0,0,0,0,6,-34,-2.580000,12.020000,42.090000,0,0,5,0,2,0
2016-06-14_13-29-45,1465903785.08716,0,0,0,0,0,0,0,6,-31,-2.960000,10.420000,40.860001,0,0,5,0,2,0
2016-06-14_13-29-45,1465903785.12466,0,0,0,0,0,0,-1,4,-19,-3.960000,10.030000,40.090000,0,0,5,0,2,0
2016-06-14_13-29-45,1465903785.19975,0,0,0,0,0,0,-2,3,-7,-4.060000,9.820000,39.529999,1,0,5,0,2,0
2016-06-14_13-29-45,1465903785.23724,0,0,0,0,0,0,-1,1,1,-3.940000,9.890000,39.369999,0,0,5,0,2,0
2016-06-14_13-29-45,1465903785.27454,0,0,0,0,0,0,-1,1,0,-4.410000,8.320000,39.599998,0,0,5,0,2,0
2016-06-14_13-29-45,1465903785.34986,0,0,0,0,0,0,-1,0,-5,-5.020000,5.970000,40.270000,0,0,5,0,2,0
2016-06-14_13-29-45,1465903785.38717,0,0,0,0,0,0,0,-2,-13,-5.140000,3.260000,41.080002,0,0,5,0,2,0
2016-06-14_13-29-45,1465903785.42464,0,0,0,0,0,0,-2,-1,-35,-5.150000,0.590000,41.840000,0,0,5,0,2,0
2016-06-14_13-29-45,1465903785.49979,0,0,0,0,0,0,-1,-2,-32,-4.840000,-0.280000,41.330002,0,0,5,0,2,0
2016-06-14_13-29-45,1465903785.53727,0,0,0,0,0,0,0,0,-21,-4.480000,-0.730000,40.500000,0,0,5,0,2,0
2016-06-14_13-29-45,1465903785.57455,0,0,0,0,0,0,1,0,-12,-4.770000,-0.370000,40.320000,1,0,5,0,2,0
2016-06-14_13-29-45,1465903785.64981,0,0,0,0,0,0,2,1,0,-5.330000,0.860000,39.700001,0,0,5,0,2,0
2016-06-14_13-29-45,1465903785.68716,0,0,0,0,0,0,2,0,-1,-4.950000,1.120000,38.369999,0,0,5,0,2,0
2016-06-14_13-29-45,1465903785.72467,0,0,0,0,0,0,2,2,0,-3.640000,0.200000,36.869999,0,0,5,0,2,0
2016-06-14_13-29-45,1465903785.79992,0,0,0,0,0,0,3,1,-16,-2.010000,-0.950000,35.290001,0,0,5,0,2,0
2016-06-14_13-29-45,1465903785.83749,0,0,0,0,0,0,3,1,-35,-1.370000,-2.550000,33.599998,0,0,5,0,2,0
2016-06-14_13-29-45,1465903785.87502,0,0,0,0,0,0,4,0,-33,-1.390000,-2.140000,31.700001,0,0,5,0,2,0
2016-06-14_13-29-45,1465903785.94985,0,0,0,0,0,0,2,0,-26,-1.440000,-1.770000,30.250000,0,0,5,0,2,0
2016-06-14_13-29-45,1465903785.98717,0,0,0,0,0,0,0,0,-15,-2.020000,-0.700000,28.980000,0,0,5,0,2,0
2016-06-14_13-29-46,1465903786.02469,0,0,0,0,0,0,0,2,0,-2.390000,0.860000,27.799999,1,0,5,0,2,0
2016-06-14_13-29-46,1465903786.09981,0,0,0,0,0,0,-1,0,-1,-3.180000,1.890000,27.090000,0,0,5,0,2,0
2016-06-14_13-29-46,1465903786.17405,0,0,0,0,0,0,-1,1,1,-3.040000,1.620000,26.290001,0,0,5,0,2,0
2016-06-14_13-29-46,1465903786.21218,0,0,0,0,0,0,-1,-7,-31,-2.700000,-0.330000,25.559999,0,0,5,0,2,0
2016-06-14_13-29-46,1465903786.28664,0,0,0,0,0,0,-1,0,-31,-2.410000,-2.590000,24.450001,0,0,5,0,2,0
2016-06-14_13-29-46,1465903786.28870,0,0,0,0,0,0,-1,0,-35,-2.360000,-3.410000,23.180000,0,0,5,0,2,0
2016-06-14_13-29-46,1465903786.32471,0,0,0,0,0,0,0,-1,-31,-2.580000,-2.670000,22.280001,0,0,5,0,2,0
2016-06-14_13-29-46,1465903786.54976,0,0,0,0,0,0,0,0,-17,-1.710000,-2.030000,21.330000,0,0,5,0,2,0
2016-06-14_13-29-46,1465903786.55181,0,0,0,0,0,0,1,0,-7,-1.000000,-1.260000,20.530001,1,0,5,0,2,0
2016-06-14_13-29-46,1465903786.55225,0,0,0,0,0,0,1,1,0,-1.070000,-0.210000,19.740000,0,0,5,0,2,0
2016-06-14_13-29-46,1465903786.55390,0,0,0,0,0,0,1,0,-1,-0.740000,1.150000,18.760000,0,0,5,0,2,0
2016-06-14_13-29-46,1465903786.62402,0,0,0,0,0,0,2,1,-5,0.010000,2.130000,17.860001,0,0,5,0,2,0
2016-06-14_13-29-46,1465903786.62607,0,0,0,0,0,0,3,4,-3,1.730000,2.130000,16.260000,0,0,5,0,2,0
2016-06-14_13-29-46,1465903786.69973,0,0,0,0,0,0,3,3,-35,0.420000,2.140000,16.420000,0,0,5,0,2,0
2016-06-14_13-29-46,1465903786.73732,0,0,0,0,0,0,2,4,-33,-0.850000,3.550000,17.540001,0,0,5,0,2,0
2016-06-14_13-29-46,1465903786.77462,0,0,0,0,0,0,0,2,-23,-1.020000,4.720000,18.670000,0,0,5,0,2,0
2016-06-14_13-29-46,1465903786.84978,0,0,0,0,0,0,0,2,-11,-0.480000,5.800000,19.719999,1,0,5,0,2,0
2016-06-14_13-29-46,1465903786.96151,0,0,0,0,0,0,-1,3,1,-0.530000,7.350000,21.799999,0,0,5,0,2,0
2016-06-14_13-29-46,1465903786.96356,0,0,0,0,0,0,0,0,-1,-1.510000,7.990000,24.889999,0,0,5,0,2,0
2016-06-14_13-29-47,1465903787.07416,0,0,0,0,0,0,0,1,1,-2.240000,7.160000,27.820000,0,0,5,0,2,0
2016-06-14_13-29-47,1465903787.07621,0,0,0,0,0,0,-1,4,-16,-3.050000,5.330000,30.980000,0,0,5,0,2,0
2016-06-14_13-29-47,1465903787.07665,0,0,0,0,0,0,-2,0,-27,-2.900000,2.700000,34.090000,0,0,5,0,2,0
2016-06-14_13-29-47,1465903787.14987,0,0,0,0,0,0,-1,-2,-33,-2.500000,0.370000,36.619999,0,0,5,0,2,0
2016-06-14_13-29-47,1465903787.18730,0,0,0,0,0,0,-1,-2,-30,-2.300000,0.310000,37.689999,0,0,5,0,2,0
2016-06-14_13-29-47,1465903787.26221,0,0,0,0,0,0,0,1,-18,-2.090000,1.200000,37.630001,0,0,5,0,2,0
2016-06-14_13-29-47,1465903787.29981,0,0,0,0,0,0,0,1,-8,-2.170000,2.010000,37.779999,1,0,5,0,2,0
2016-06-14_13-29-47,1465903787.33736,0,0,0,0,0,0,0,1,-2,-1.880000,2.540000,37.740002,0,0,5,0,2,0
2016-06-14_13-29-47,1465903787.37459,0,0,0,0,0,0,0,2,0,-0.560000,2.940000,36.770000,0,0,5,0,2,0
2016-06-14_13-29-47,1465903787.44986,0,0,0,0,0,0,3,1,-13,0.750000,2.990000,35.270000,0,0,5,0,2,0
2016-06-14_13-29-47,1465903787.48723,0,0,0,0,0,0,1,2,-14,2.730000,1.720000,33.299999,0,0,5,0,2,0
2016-06-14_13-29-47,1465903787.52483,0,0,0,0,0,0,1,2,-33,3.620000,1.390000,30.940001,0,0,5,0,2,0
2016-06-14_13-29-47,1465903787.59984,0,0,0,0,0,0,1,3,-31,3.560000,2.820000,28.900000,0,0,5,0,2,0
2016-06-14_13-29-47,1465903787.67405,0,0,0,0,0,0,0,2,-23,3.180000,4.590000,27.049999,0,0,5,0,2,0
2016-06-14_13-29-47,1465903787.67611,0,0,0,0,0,0,0,1,-13,3.490000,6.040000,25.080000,1,0,5,0,2,0
2016-06-14_13-29-47,1465903787.86210,0,0,0,0,0,0,0,1,0,4.420000,7.050000,23.340000,0,0,5,0,2,0
2016-06-14_13-29-47,1465903787.97413,0,0,0,0,0,0,0,0,-1,4.530000,7.740000,21.590000,0,0,5,0,2,0
2016-06-14_13-29-47,1465903787.97650,0,0,0,0,0,0,0,1,1,4.100000,7.920000,19.879999,0,0,5,0,2,0
2016-06-14_13-29-47,1465903787.97703,0,0,0,0,0,0,-2,7,-19,4.070000,6.620000,18.480000,0,0,5,0,2,0
2016-06-14_13-29-47,1465903787.97738,0,0,0,0,0,0,-6,2,-33,4.720000,5.980000,16.680000,0,0,5,0,2,0
2016-06-14_13-29-47,1465903787.97937,0,0,0,0,0,0,-7,3,-27,6.070000,7.340000,13.940000,0,0,5,0,2,0
2016-06-14_13-29-48,1465903788.08665,0,0,0,0,0,0,-5,2,-26,6.670000,7.780000,11.390000,0,0,5,0,2,0
2016-06-14_13-29-48,1465903788.08876,0,0,0,0,0,0,-2,2,-17,6.560000,8.290000,9.580000,0,0,5,0,2,0
2016-06-14_13-29-48,1465903788.12473,0,0,0,0,0,0,1,1,-8,6.120000,8.790000,8.410000,1,0,5,0,2,0
2016-06-14_13-29-48,1465903788.19987,0,0,0,0,0,0,1,0,-4,5.560000,8.990000,7.560000,0,0,5,0,2,0
2016-06-14_13-29-48,1465903788.42411,0,0,0,0,0,0,1,0,-1,5.160000,9.480000,6.070000,0,0,5,0,2,0
2016-06-14_13-29-48,1465903788.42677,0,0,0,0,0,0,0,0,-3,6.090000,9.130000,3.310000,0,0,5,0,2,0
2016-06-14_13-29-48,1465903788.42731,0,0,0,0,0,0,3,2,2,9.820000,8.180000,357.899994,0,0,5,0,2,0
2016-06-14_13-29-48,1465903788.42770,0,0,0,0,0,0,0,2,-31,10.960000,6.960000,353.670013,0,0,5,0,2,0
2016-06-14_13-29-48,1465903788.42965,0,0,0,0,0,0,0,2,-29,11.730000,7.460000,350.119995,0,0,5,0,2,0
2016-06-14_13-29-48,1465903788.53665,0,0,0,0,0,0,0,0,-29,10.760000,9.170000,346.269989,0,0,5,0,2,0
2016-06-14_13-29-48,1465903788.53875,0,0,0,0,0,0,0,6,-19,10.150000,11.680000,341.239990,0,0,5,0,2,0
2016-06-14_13-29-48,1465903788.57464,0,0,0,0,0,0,-1,4,-9,8.950000,13.740000,338.200012,1,0,5,0,2,0
2016-06-14_13-29-48,1465903788.79916,0,0,0,0,0,0,0,3,0,8.250000,14.980000,336.640015,0,0,5,0,2,0
2016-06-14_13-29-48,1465903788.80123,0,0,0,0,0,0,0,0,0,7.610000,15.010000,335.209991,0,0,5,0,2,0
2016-06-14_13-29-48,1465903788.80168,0,0,0,0,0,0,-3,-6,-29,6.920000,13.500000,332.540009,0,0,5,0,2,0
2016-06-14_13-29-48,1465903788.80345,0,0,0,0,0,0,-3,6,-24,6.160000,10.640000,328.160004,0,0,5,0,2,0
2016-06-14_13-29-48,1465903788.83740,0,0,0,0,0,0,-2,3,-32,5.120000,8.590000,323.649994,0,0,5,0,2,0
2016-06-14_13-29-48,1465903788.87468,0,0,0,0,0,0,-1,3,-28,4.600000,8.000000,319.290009,0,0,5,0,2,0
2016-06-14_13-29-48,1465903788.98718,0,0,0,0,0,0,0,2,-15,3.870000,8.220000,316.049988,0,0,5,0,2,0
2016-06-14_13-29-48,1465903788.98917,0,0,0,0,0,0,1,0,-10,3.120000,7.510000,313.160004,1,0,5,0,2,0
2016-06-14_13-29-49,1465903789.02480,0,0,0,0,0,0,1,0,-4,3.870000,6.170000,310.109985,0,0,5,0,2,0
2016-06-14_13-29-49,1465903789.36163,0,0,0,0,0,0,0,0,-2,6.170000,5.500000,306.540009,0,0,5,0,2,0
2016-06-14_13-29-49,1465903789.36408,0,0,0,0,0,0,0,1,-2,8.060000,5.330000,303.029999,0,0,5,0,2,0
2016-06-14_13-29-49,1465903789.36478,0,0,0,0,0,0,0,0,-7,10.200000,4.800000,299.429993,0,0,5,0,2,0
2016-06-14_13-29-49,1465903789.36523,0,0,0,0,0,0,3,4,-33,9.500000,3.740000,297.750000,0,0,5,0,2,0
2016-06-14_13-29-49,1465903789.36565,0,0,0,0,0,0,2,-2,-33,7.790000,3.250000,298.089996,0,0,5,0,2,0
2016-06-14_13-29-49,1465903789.36741,0,0,0,0,0,0,0,-1,-25,8.660000,2.840000,297.269989,0,0,5,0,2,0
2016-06-14_13-29-49,1465903789.39990,0,0,0,0,0,0,0,-2,-15,8.490000,3.250000,296.269989,1,0,5,0,2,0
2016-06-14_13-29-49,1465903789.43748,0,0,0,0,0,0,0,2,-5,8.540000,2.070000,295.179993,0,0,5,0,2,0
2016-06-14_13-29-49,1465903789.51228,0,0,0,0,0,0,-1,2,-1,7.720000,0.160000,295.609985,0,0,5,0,2,0
2016-06-14_13-29-49,1465903789.54993,0,0,0,0,0,0,0,1,0,6.730000,-0.240000,296.950012,0,0,5,0,2,0
2016-06-14_13-29-49,1465903789.58735,0,0,0,0,0,0,-1,-5,-14,5.470000,-0.060000,298.829987,0,0,5,0,2,0
2016-06-14_13-29-49,1465903789.62478,0,0,0,0,0,0,-4,-3,-23,5.630000,-1.370000,299.899994,0,0,5,0,2,0
2016-06-14_13-29-49,1465903789.69986,0,0,0,0,0,0,-1,1,-31,5.150000,-1.610000,300.429993,0,0,5,0,2,0
2016-06-14_13-29-49,1465903789.73738,0,0,0,0,0,0,-2,-4,-35,2.990000,-0.430000,301.820007,0,0,5,0,2,0
2016-06-14_13-29-49,1465903789.96165,0,0,0,0,0,0,-1,0,-24,3.600000,0.810000,301.899994,0,0,5,0,2,0
2016-06-14_13-29-49,1465903789.96373,0,0,0,0,0,0,0,0,-13,3.890000,2.270000,301.559998,0,0,5,0,2,0
2016-06-14_13-29-49,1465903789.96416,0,0,0,0,0,0,0,0,-2,4.410000,3.650000,299.829987,0,0,5,0,2,0
2016-06-14_13-29-49,1465903789.96606,0,0,0,0,0,0,1,0,-1,3.800000,5.220000,297.000000,0,0,5,0,2,0
2016-06-14_13-29-50,1465903789.99988,0,0,0,0,0,0,2,2,1,3.650000,5.170000,292.920013,1,0,5,0,2,0
2016-06-14_13-29-50,1465903790.07416,0,0,0,0,0,0,2,-6,-32,3.700000,3.820000,288.619995,0,0,5,0,2,0
2016-06-14_13-29-50,1465903790.07650,0,0,0,0,0,0,3,2,-28,4.260000,2.920000,283.869995,0,0,5,0,2,0
2016-06-14_13-29-50,1465903790.18662,0,0,0,0,0,0,2,0,-33,3.360000,2.620000,280.279999,0,0,5,0,2,0
2016-06-14_13-29-50,1465903790.18867,0,0,0,0,0,0,2,2,-29,2.100000,3.230000,276.859985,0,0,5,0,2,0
2016-06-14_13-29-50,1465903790.22480,0,0,0,0,0,0,1,3,-20,0.650000,3.820000,273.779999,0,0,5,0,2,0
2016-06-14_13-29-50,1465903790.41175,0,0,0,0,0,0,0,1,-8,0.230000,4.220000,271.179993,1,0,5,0,2,0
2016-06-14_13-29-50,1465903790.41391,0,0,0,0,0,0,0,3,1,0.080000,4.340000,268.350006,0,0,5,0,2,0
2016-06-14_13-29-50,1465903790.41443,0,0,0,0,1,0,-1,0,-2,-0.650000,4.130000,265.730011,0,0,5,0,2,0
2016-06-14_13-29-50,1465903790.45002,0,0,0,0,0,0,-1,1,-5,-0.760000,3.200000,263.040009,0,0,5,0,2,0
2016-06-14_13-29-50,1465903790.48738,0,0,0,0,0,0,-1,3,-8,0.160000,1.150000,260.929993,0,0,5,0,2,0
2016-06-14_13-29-50,1465903790.67418,0,0,0,0,0,0,0,2,-29,0.060000,-0.040000,260.279999,0,0,5,0,2,0
2016-06-14_13-29-50,1465903790.74927,0,0,0,0,0,0,-1,-1,-33,-0.760000,0.010000,260.399994,0,0,5,0,2,0
2016-06-14_13-29-50,1465903790.75129,0,0,0,0,0,0,0,1,-25,-0.450000,0.050000,260.160004,0,0,5,0,2,0
2016-06-14_13-29-50,1465903790.75173,0,0,0,0,0,0,1,0,-14,-0.680000,0.630000,260.850006,1,0,5,0,2,0
2016-06-14_13-29-50,1465903790.75337,0,0,0,0,0,0,1,1,-7,-0.960000,1.240000,262.470001,0,0,5,0,2,0
2016-06-14_13-29-50,1465903790.78732,0,0,0,0,0,0,0,1,-3,-1.200000,2.710000,264.399994,0,0,5,0,2,0
2016-06-14_13-29-50,1465903790.82484,0,0,0,0,0,0,1,1,1,-0.270000,4.880000,265.899994,0,0,5,0,2,0
2016-06-14_13-29-50,1465903790.93665,0,0,0,0,0,0,0,-3,-23,0.590000,5.820000,267.410004,0,0,5,0,2,0
2016-06-14_13-29-50,1465903790.93877,0,0,0,0,0,0,5,7,-16,2.430000,5.950000,267.359985,0,0,5,0,2,0
2016-06-14_13-29-50,1465903790.97482,0,0,0,0,0,0,4,2,-35,0.840000,6.100000,267.700012,0,0,5,0,2,0
2016-06-14_13-29-51,1465903791.08662,0,0,0,0,0,0,2,2,-32,0.480000,6.910000,267.329987,0,0,5,0,2,0
2016-06-14_13-29-51,1465903791.08880,0,0,0,0,0,0,0,0,-20,0.710000,8.230000,267.049988,0,0,5,0,2,0
2016-06-14_13-29-51,1465903791.34930,0,0,0,0,0,0,-1,0,-8,2.130000,10.010000,266.010010,1,0,5,0,2,0
2016-06-14_13-29-51,1465903791.35171,0,0,0,0,0,0,-1,2,2,3.970000,11.180000,264.649994,0,0,5,0,2,0
2016-06-14_13-29-51,1465903791.35223,0,0,0,0,0,0,0,1,-1,4.220000,11.550000,264.320007,0,0,5,0,2,0
2016-06-14_13-29-51,1465903791.35259,0,0,0,0,0,0,-1,0,2,3.680000,11.870000,264.369995,0,0,5,0,2,0
2016-06-14_13-29-51,1465903791.35449,0,0,0,0,0,0,-3,0,-38,3.290000,10.930000,264.329987,0,0,5,0,2,0
2016-06-14_13-29-51,1465903791.38755,0,0,0,0,0,0,-4,3,-30,4.030000,10.560000,263.750000,0,0,5,0,2,0
2016-06-14_13-29-51,1465903791.46233,0,0,0,0,0,0,-5,3,-36,3.380000,11.620000,263.799988,0,0,5,0,2,0
2016-06-14_13-29-51,1465903791.49999,0,0,0,0,0,0,-3,6,-27,3.040000,13.300000,262.299988,0,0,5,0,2,0
2016-06-14_13-29-51,1465903791.57422,0,0,0,0,0,0,-1,5,-15,3.130000,13.950000,261.519989,0,0,5,0,2,0
2016-06-14_13-29-51,1465903791.61233,0,0,0,0,0,0,0,4,-2,2.990000,15.190000,261.850006,1,0,5,0,2,0
2016-06-14_13-29-51,1465903791.64989,0,0,0,0,0,0,1,1,-1,2.900000,16.129999,262.029999,0,0,5,0,2,0
2016-06-14_13-29-51,1465903791.87420,0,0,0,0,0,0,1,2,3,3.580000,15.550000,261.350006,0,0,5,0,2,0
2016-06-14_13-29-51,1465903791.87655,0,0,0,0,0,0,0,-4,-22,4.170000,13.730000,260.519989,0,0,5,0,2,0
2016-06-14_13-29-51,1465903791.87707,0,0,0,0,0,0,2,11,-15,6.090000,12.220000,258.290009,0,0,5,0,2,0
2016-06-14_13-29-51,1465903791.87743,0,0,0,0,0,0,0,6,-38,5.790000,11.270000,257.670013,0,0,5,0,2,0
2016-06-14_13-29-51,1465903791.87943,0,0,0,0,0,0,0,3,-31,6.600000,11.800000,256.040009,0,0,5,0,2,0
2016-06-14_13-29-52,1465903792.06221,0,0,0,0,0,0,-1,2,-23,6.310000,12.650000,254.809998,0,0,5,0,2,0
2016-06-14_13-29-52,1465903792.06434,0,0,0,0,0,0,-1,2,-9,6.330000,15.060000,252.839996,1,0,5,0,2,0
2016-06-14_13-29-52,1465903792.06486,0,0,0,0,0,0,0,3,4,6.230000,16.570000,250.830002,0,0,5,0,2,0
2016-06-14_13-29-52,1465903792.17432,0,0,0,0,0,0,-1,1,-3,5.280000,15.970000,249.839996,0,0,5,0,2,0
2016-06-14_13-29-52,1465903792.17652,0,0,0,0,0,0,0,2,2,4.980000,15.040000,249.169998,0,0,5,0,2,0
2016-06-14_13-29-52,1465903792.17698,0,0,0,0,0,0,-3,0,-23,4.760000,12.260000,248.869995,0,0,5,0,2,0
2016-06-14_13-29-52,1465903792.28673,0,0,0,0,0,0,-5,6,-30,5.850000,9.110000,247.899994,0,0,5,0,2,0
2016-06-14_13-29-52,1465903792.28879,0,0,0,0,0,0,-6,0,-40,5.180000,8.800000,247.949997,0,0,5,0,2,0
2016-06-14_13-29-52,1465903792.32482,0,0,0,0,0,0,-4,4,-28,5.710000,10.450000,246.149994,0,0,5,0,2,0
2016-06-14_13-29-52,1465903792.69938,0,0,0,0,0,0,-2,4,-12,5.760000,12.910000,244.179993,1,0,5,0,2,0
2016-06-14_13-29-52,1465903792.70189,0,0,0,0,0,0,0,4,0,5.740000,14.420000,242.619995,0,0,5,0,2,0
2016-06-14_13-29-52,1465903792.70268,0,0,0,0,0,0,1,1,0,5.940000,14.180000,241.360001,0,0,5,0,2,0
2016-06-14_13-29-52,1465903792.70305,0,0,0,0,0,0,0,0,0,6.960000,13.330000,239.369995,0,0,5,0,2,0
2016-06-14_13-29-52,1465903792.70357,0,0,0,0,0,0,0,1,-7,8.440000,12.770000,236.820007,0,0,5,0,2,0
2016-06-14_13-29-52,1465903792.70571,0,0,0,0,0,0,1,4,-11,10.200000,12.160000,233.770004,0,0,5,0,2,0
2016-06-14_13-29-52,1465903792.73678,0,0,0,0,0,0,1,5,-35,9.050000,11.550000,231.990005,0,0,5,0,2,0
2016-06-14_13-29-52,1465903792.73919,0,0,0,0,0,0,0,4,-33,7.260000,12.320000,230.729996,0,0,5,0,2,0
2016-06-14_13-29-52,1465903792.77486,0,0,0,0,0,0,0,5,-20,5.970000,12.830000,229.149994,0,0,5,0,2,0
2016-06-14_13-29-52,1465903792.88668,0,0,0,0,0,0,-1,3,-11,4.890000,12.580000,227.440002,1,0,5,0,2,0
2016-06-14_13-29-52,1465903792.88872,0,0,0,0,0,0,0,3,0,3.540000,11.900000,225.369995,0,0,5,0,2,0
2016-06-14_13-29-52,1465903792.92489,0,0,0,0,0,0,-1,0,-1,2.630000,10.680000,223.190002,0,0,5,0,2,0
2016-06-14_13-29-53,1465903792.99996,0,0,0,0,0,0,-1,1,0,2.650000,7.870000,220.740005,0,0,5,0,2,0
2016-06-14_13-29-53,1465903793.03731,0,0,0,0,0,0,-2,-1,-28,2.540000,3.930000,218.070007,0,0,5,0,2,0
2016-06-14_13-29-53,1465903793.11237,0,0,0,0,0,0,-2,-1,-32,2.140000,1.520000,215.770004,0,0,5,0,2,0
2016-06-14_13-29-53,1465903793.15000,0,0,0,0,0,0,0,-2,-35,1.960000,-0.420000,214.080002,0,0,5,0,2,0
2016-06-14_13-29-53,1465903793.18734,0,0,0,0,0,0,0,-2,-28,1.070000,-0.280000,212.529999,0,0,5,0,2,0
2016-06-14_13-29-53,1465903793.22485,0,0,0,0,0,0,1,0,-15,1.040000,0.560000,210.350006,1,0,5,0,2,0
2016-06-14_13-29-53,1465903793.33668,0,0,0,0,0,0,2,1,-2,0.390000,2.300000,208.259995,0,0,5,0,2,0
2016-06-14_13-29-53,1465903793.33872,0,0,0,0,0,0,1,0,-3,-0.580000,5.200000,205.589996,0,0,5,0,2,0
2016-06-14_13-29-53,1465903793.37489,0,0,0,0,0,0,2,4,0,-0.710000,9.580000,202.399994,0,0,5,0,2,0
2016-06-14_13-29-53,1465903793.44997,0,0,0,0,0,0,1,-6,-38,-0.900000,14.750000,200.320007,0,0,5,0,2,0
2016-06-14_13-29-53,1465903793.48737,0,0,0,0,0,0,2,10,-23,0.010000,14.360000,197.850006,0,0,5,0,2,0
2016-06-14_13-29-53,1465903793.52489,0,0,0,0,0,0,4,5,-35,-1.890000,12.040000,197.919998,0,0,5,0,2,0
2016-06-14_13-29-53,1465903793.60000,0,0,0,0,0,0,4,5,-30,-1.760000,10.020000,197.460007,0,0,5,0,2,0
2016-06-14_13-29-53,1465903793.63728,0,0,0,0,0,0,1,3,-18,-1.180000,8.630000,197.119995,0,0,5,0,2,0
2016-06-14_13-29-53,1465903793.74936,0,0,0,0,0,0,0,2,-6,-0.680000,8.480000,196.639999,1,0,5,0,2,0
2016-06-14_13-29-53,1465903793.75164,0,0,0,0,0,0,-1,1,2,-0.670000,8.370000,196.139999,0,0,5,0,2,0
2016-06-14_13-29-53,1465903793.86178,0,0,0,0,0,0,-1,2,-1,-0.160000,7.020000,195.369995,0,0,5,0,2,0
2016-06-14_13-29-53,1465903793.86388,0,0,0,0,0,0,-2,1,-9,0.130000,5.280000,195.279999,0,0,5,0,2,0
2016-06-14_13-29-53,1465903793.90002,0,0,0,0,0,0,-3,1,-14,0.370000,2.980000,195.979996,0,0,5,0,2,0
2016-06-14_13-29-53,1465903793.93730,0,0,0,0,0,0,-3,3,-33,0.060000,1.170000,197.309998,0,0,5,0,2,0
2016-06-14_13-29-54,1465903794.01247,0,0,0,0,0,0,-3,-1,-33,-0.490000,1.320000,198.500000,0,0,5,0,2,0
2016-06-14_13-29-54,1465903794.05006,0,0,0,0,0,0,-1,0,-21,-0.420000,0.910000,198.160004,0,0,5,0,2,0
2016-06-14_13-29-54,1465903794.08741,0,0,0,0,0,0,0,1,-11,-0.470000,0.840000,197.490005,1,0,5,0,2,0
2016-06-14_13-29-54,1465903794.12491,0,0,0,0,0,0,0,2,0,-1.050000,1.670000,197.250000,0,0,5,0,2,0
2016-06-14_13-29-54,1465903794.19992,0,0,0,0,0,0,1,0,0,-1.350000,2.130000,197.220001,0,0,5,0,2,0
2016-06-14_13-29-54,1465903794.23731,0,0,0,0,0,0,2,2,1,-1.030000,1.080000,197.279999,0,0,5,0,2,0
2016-06-14_13-29-54,1465903794.27489,0,0,0,0,0,0,1,-7,-35,-1.000000,-0.290000,197.440002,0,0,5,0,2,0
2016-06-14_13-29-54,1465903794.35002,0,0,0,0,0,0,4,1,-28,0.500000,-1.000000,196.589996,0,0,5,0,2,0
2016-06-14_13-29-54,1465903794.38738,0,0,0,0,0,0,4,0,-37,-0.150000,-0.310000,196.160004,0,0,5,0,2,0
2016-06-14_13-29-54,1465903794.42489,0,0,0,0,0,0,4,0,-29,-1.200000,0.430000,195.800003,0,0,5,0,2,0
2016-06-14_13-29-54,1465903794.53674,0,0,0,0,0,0,1,0,-17,-1.890000,0.900000,195.610001,0,0,5,0,2,0
2016-06-14_13-29-54,1465903794.53902,0,0,0,0,0,0,0,0,0,-1.150000,1.940000,194.669998,1,0,5,0,2,0
2016-06-14_13-29-54,1465903794.57496,0,0,0,0,0,0,-1,0,0,-0.840000,2.010000,193.089996,0,0,5,0,2,0
2016-06-14_13-29-54,1465903794.65000,0,0,0,0,0,0,-1,0,0,-0.860000,1.250000,190.600006,0,0,5,0,2,0
2016-06-14_13-29-54,1465903794.72422,0,0,0,0,0,0,-2,2,-4,-0.960000,0.450000,187.830002,0,0,5,0,2,0
2016-06-14_13-29-54,1465903794.72623,0,0,0,0,0,0,-1,2,-11,-0.110000,-0.530000,185.000000,0,0,5,0,2,0
2016-06-14_13-29-54,1465903794.80001,0,0,0,0,0,0,-1,1,-38,-0.820000,-0.710000,183.059998,0,0,5,0,2,0
2016-06-14_13-29-54,1465903794.83793,0,0,0,0,0,0,-2,2,-33,-0.700000,0.300000,180.830002,0,0,5,0,2,0
2016-06-14_13-29-54,1465903794.87540,0,0,0,0,0,0,0,4,-23,-0.660000,1.070000,179.679993,0,0,5,0,2,0
2016-06-14_13-29-54,1465903794.95001,0,0,0,0,0,0,1,1,-11,-1.520000,2.470000,180.279999,1,0,5,0,2,0
2016-06-14_13-29-54,1465903794.98741,0,0,0,0,0,0,1,1,0,-2.360000,3.870000,181.770004,0,0,5,0,2,0
2016-06-14_13-29-55,1465903795.02491,0,0,0,0,0,0,1,0,-3,-2.090000,5.210000,183.679993,0,0,5,0,2,0
2016-06-14_13-29-55,1465903795.10009,0,0,0,0,0,0,3,1,1,-0.380000,5.990000,185.089996,0,0,5,0,2,0
2016-06-14_13-29-55,1465903795.13730,0,0,0,0,0,0,2,5,-15,1.360000,5.320000,185.990005,0,0,5,0,2,0
2016-06-14_13-29-55,1465903795.17491,0,0,0,0,0,0,3,4,-31,2.880000,5.050000,186.050003,0,0,5,0,2,0
2016-06-14_13-29-55,1465903795.25001,0,0,0,0,0,0,4,2,-34,2.490000,6.540000,186.410004,0,0,5,0,2,0
2016-06-14_13-29-55,1465903795.28742,0,0,0,0,0,0,2,1,-26,2.980000,7.270000,185.839996,0,0,5,0,2,0
2016-06-14_13-29-55,1465903795.32490,0,0,0,0,0,0,0,0,-16,3.510000,8.460000,184.720001,1,0,5,0,2,0
2016-06-14_13-29-55,1465903795.40002,0,0,0,0,0,0,0,1,-4,4.160000,10.960000,182.429993,0,0,5,0,2,0
2016-06-14_13-29-55,1465903795.43731,0,0,0,0,0,0,-1,0,2,4.160000,12.990000,180.059998,0,0,5,0,2,0
2016-06-14_13-29-55,1465903795.47494,0,0,0,0,0,0,-1,0,0,4.200000,13.320000,177.139999,0,0,5,0,2,0
2016-06-14_13-29-55,1465903795.55000,0,0,0,0,0,0,-2,3,-2,4.380000,13.070000,173.320007,0,0,5,0,2,0
2016-06-14_13-29-55,1465903795.58740,0,0,0,0,0,0,-4,6,0,4.420000,12.530000,169.690002,0,0,5,0,2,0
2016-06-14_13-29-55,1465903795.66244,0,0,0,0,0,0,-4,5,-34,3.930000,11.730000,167.429993,0,0,5,0,2,0
2016-06-14_13-29-55,1465903795.70008,0,0,0,0,0,0,-5,4,-34,2.600000,12.960000,166.509995,0,0,5,0,2,0
2016-06-14_13-29-55,1465903795.81192,0,0,0,0,0,0,-3,6,-24,2.210000,13.860000,165.440002,0,0,5,0,2,0
2016-06-14_13-29-55,1465903795.81420,0,0,0,0,0,0,0,4,-12,1.840000,14.090000,165.360001,1,0,5,0,2,0
2016-06-14_13-29-55,1465903795.85042,0,0,0,0,0,0,1,1,-1,0.830000,14.420000,165.449997,0,0,5,0,2,0
2016-06-14_13-29-55,1465903795.96190,0,0,0,0,0,0,2,0,-3,0.160000,14.130000,163.679993,0,0,5,0,2,0
2016-06-14_13-29-55,1465903795.96400,0,0,0,0,0,0,3,1,1,0.030000,13.060000,159.929993,0,0,5,0,2,0
2016-06-14_13-29-56,1465903796.00013,0,0,0,0,0,0,2,-9,-49,0.120000,12.150000,155.520004,0,0,5,0,2,0
2016-06-14_13-29-56,1465903796.03731,0,0,0,0,0,0,2,7,-25,0.880000,11.200000,150.059998,0,0,5,0,2,0
2016-06-14_13-29-56,1465903796.11247,0,0,0,0,0,0,3,5,-35,0.070000,10.820000,146.339996,0,0,5,0,2,0
2016-06-14_13-29-56,1465903796.15002,0,0,0,0,0,0,2,3,-30,-0.580000,11.080000,143.690002,0,0,5,0,2,0
2016-06-14_13-29-56,1465903796.18744,0,0,0,0,0,0,1,3,-19,-1.210000,11.470000,141.350006,0,0,5,0,2,0
2016-06-14_13-29-56,1465903796.22495,0,0,0,0,0,0,0,3,-7,-1.940000,11.890000,139.000000,1,0,5,0,2,0
2016-06-14_13-29-56,1465903796.30008,0,0,0,0,0,0,0,4,3,-3.030000,10.920000,137.250000,0,0,5,0,2,0
2016-06-14_13-29-56,1465903796.37426,0,0,0,0,0,0,0,1,-2,-3.440000,9.040000,135.850006,0,0,5,0,2,0
2016-06-14_13-29-56,1465903796.37633,0,0,0,0,0,0,0,3,0,-2.720000,7.040000,134.380005,0,0,5,0,2,0
2016-06-14_13-29-56,1465903796.44997,0,0,0,0,0,0,0,10,-9,-1.780000,4.100000,133.360001,0,0,5,0,2,0
2016-06-14_13-29-56,1465903796.48746,0,0,0,0,0,0,0,0,-37,-0.960000,1.420000,132.330002,0,0,5,0,2,0
2016-06-14_13-29-56,1465903796.52494,0,0,0,0,0,0,0,1,-36,-0.960000,1.160000,130.649994,0,0,5,0,2,0
2016-06-14_13-29-56,1465903796.60014,0,0,0,0,0,0,1,2,-23,-1.520000,1.560000,129.369995,0,0,5,0,2,0
2016-06-14_13-29-56,1465903796.67434,0,0,0,0,0,0,2,1,-9,-1.330000,1.720000,128.339996,1,0,5,0,2,0
2016-06-14_13-29-56,1465903796.78682,0,0,0,0,0,0,1,2,0,-0.530000,2.220000,126.739998,0,0,5,0,2,0
2016-06-14_13-29-56,1465903796.78894,0,0,0,0,0,0,0,0,-1,0.340000,2.930000,125.059998,0,0,5,0,2,0
2016-06-14_13-29-56,1465903796.78945,0,0,0,0,0,0,1,1,2,2.120000,3.410000,123.040001,0,0,5,0,2,0
2016-06-14_13-29-56,1465903796.82498,0,0,0,0,0,0,0,-13,-52,2.710000,3.280000,121.300003,0,0,5,0,2,0
2016-06-14_13-29-56,1465903796.90025,0,0,0,0,0,0,6,0,-29,4.810000,2.150000,118.389999,0,0,5,0,2,0
2016-06-14_13-29-56,1465903796.93734,0,0,0,0,0,0,7,0,-37,3.530000,2.000000,116.669998,0,0,5,0,2,0
2016-06-14_13-29-56,1465903796.97499,0,0,0,0,0,0,3,-1,-30,3.660000,2.460000,114.949997,0,0,5,0,2,0
2016-06-14_13-29-57,1465903797.08679,0,0,0,0,0,0,1,0,-17,3.810000,2.640000,113.260002,0,0,5,0,2,0
2016-06-14_13-29-57,1465903797.08923,0,0,0,0,0,0,0,3,-3,3.400000,2.860000,111.910004,1,0,5,0,2,0
2016-06-14_13-29-57,1465903797.12503,0,0,0,0,0,0,0,2,1,2.840000,2.140000,111.820000,0,0,5,0,2,0
2016-06-14_13-29-57,1465903797.23683,0,0,0,0,0,0,-1,0,-1,2.710000,1.200000,112.239998,0,0,5,0,2,0
2016-06-14_13-29-57,1465903797.23886,0,0,0,0,0,0,-2,0,-2,3.390000,0.720000,111.959999,0,0,5,0,2,0
2016-06-14_13-29-57,1465903797.31249,0,0,0,0,0,0,-1,3,-14,4.450000,-0.020000,110.699997,0,0,5,0,2,0
2016-06-14_13-29-57,1465903797.35009,0,0,0,0,0,0,-1,1,-37,4.410000,-0.850000,109.459999,0,0,5,0,2,0
2016-06-14_13-29-57,1465903797.38748,0,0,0,0,0,0,-2,-3,-38,3.540000,-0.060000,109.190002,0,0,5,0,2,0
2016-06-14_13-29-57,1465903797.42495,0,0,0,0,0,0,-1,0,-26,3.930000,0.230000,108.379997,0,0,5,0,2,0
2016-06-14_13-29-57,1465903797.50017,0,0,0,0,0,0,0,0,-12,3.660000,0.470000,107.489998,1,0,5,0,2,0
2016-06-14_13-29-57,1465903797.53736,0,0,0,0,0,0,2,2,-2,3.410000,0.370000,106.379997,0,0,5,0,2,0
2016-06-14_13-29-57,1465903797.61249,0,0,0,0,0,0,2,1,-1,2.630000,0.800000,105.309998,0,0,5,0,2,0
2016-06-14_13-29-57,1465903797.65010,0,0,0,0,0,0,3,1,1,2.880000,0.610000,104.139999,0,0,5,0,2,0
2016-06-14_13-29-57,1465903797.72430,0,0,0,0,0,0,3,0,-6,3.230000,-0.290000,103.099998,0,0,5,0,2,0
2016-06-14_13-29-57,1465903797.72646,0,0,0,0,0,0,5,0,-16,4.160000,-0.780000,101.290001,0,0,5,0,2,0
2016-06-14_13-29-57,1465903797.80023,0,0,0,0,0,0,2,-1,-36,4.470000,-0.700000,99.269997,0,0,5,0,2,0
2016-06-14_13-29-57,1465903797.87430,0,0,0,0,0,0,2,0,-33,4.290000,0.280000,97.779999,0,0,5,0,2,0
2016-06-14_13-29-57,1465903797.91246,0,0,0,0,0,0,0,0,-20,2.760000,1.600000,97.720001,0,0,5,0,2,0
2016-06-14_13-29-57,1465903797.95010,0,0,0,0,0,0,0,1,-9,1.860000,2.810000,97.190002,1,0,5,0,2,0
2016-06-14_13-29-57,1465903797.98744,0,0,0,0,0,0,0,3,1,1.250000,3.900000,96.160004,0,0,5,0,2,0
2016-06-14_13-29-58,1465903798.02499,0,0,0,0,0,0,0,1,0,0.770000,4.130000,95.519997,0,0,5,0,2,0
2016-06-14_13-29-58,1465903798.10019,0,0,0,0,0,0,-1,1,0,0.770000,3.430000,95.000000,0,0,5,0,2,0
2016-06-14_13-29-58,1465903798.13744,0,0,0,0,0,0,-2,3,-28,0.780000,2.610000,94.320000,0,0,5,0,2,0
2016-06-14_13-29-58,1465903798.21253,0,0,0,0,0,0,-2,1,-32,1.180000,1.820000,93.650002,0,0,5,0,2,0
2016-06-14_13-29-58,1465903798.25008,0,0,0,0,0,0,-2,0,-36,0.180000,2.660000,94.120003,0,0,5,0,2,0
2016-06-14_13-29-58,1465903798.32431,0,0,0,0,0,0,-1,1,-29,-0.360000,3.990000,94.330002,0,0,5,0,2,0
2016-06-14_13-29-58,1465903798.32638,0,0,0,0,0,0,0,1,-16,-0.840000,4.990000,94.129997,0,0,5,0,2,0
2016-06-14_13-29-58,1465903798.43687,0,0,0,0,0,0,1,0,-4,-1.170000,5.060000,93.639999,1,0,5,0,2,0
2016-06-14_13-29-58,1465903798.43894,0,0,0,0,0,0,1,-1,-2,-0.780000,4.840000,92.449997,0,0,5,0,2,0
2016-06-14_13-29-58,1465903798.47502,0,0,0,0,0,0,2,1,0,0.620000,4.980000,90.110001,0,0,5,0,2,0
2016-06-14_13-29-58,1465903798.55007,0,0,0,0,0,0,2,0,-10,2.100000,5.650000,88.080002,0,0,5,0,2,0
2016-06-14_13-29-58,1465903798.62438,0,0,0,0,0,0,3,4,-19,4.070000,5.720000,86.019997,0,0,5,0,2,0
2016-06-14_13-29-58,1465903798.62644,0,0,0,0,0,0,3,6,-36,4.230000,7.170000,84.480003,0,0,5,0,2,0
2016-06-14_13-29-58,1465903798.70018,0,0,0,0,0,0,2,1,-34,4.840000,7.480000,83.150002,0,0,5,0,2,0
2016-06-14_13-29-58,1465903798.73739,0,0,0,0,0,0,1,1,-19,5.200000,7.100000,81.599998,0,0,5,0,2,0
2016-06-14_13-29-58,1465903798.77501,0,0,0,0,0,0,0,2,-4,4.430000,7.580000,79.970001,1,0,5,0,2,0
2016-06-14_13-29-58,1465903798.88683,0,0,0,0,0,0,-1,1,1,3.490000,6.620000,78.540001,0,0,5,0,2,0
2016-06-14_13-29-58,1465903798.88886,0,0,0,0,0,0,-1,0,-1,2.980000,5.040000,76.440002,0,0,5,0,2,0
2016-06-14_13-29-58,1465903798.92501,0,0,0,0,0,0,-2,3,0,3.370000,3.110000,74.120003,0,0,5,0,2,0
2016-06-14_13-29-59,1465903799.03764,0,0,0,0,0,0,-3,7,-20,3.750000,0.620000,72.279999,0,0,5,0,2,0
2016-06-14_13-29-59,1465903799.03962,0,0,0,0,0,0,0,1,-38,4.120000,-0.910000,70.440002,0,0,5,0,2,0
2016-06-14_13-29-59,1465903799.07501,0,0,0,0,0,0,0,2,-36,2.820000,0.320000,69.199997,0,0,5,0,2,0
2016-06-14_13-29-59,1465903799.15010,0,0,0,0,0,0,1,3,-29,2.030000,1.230000,67.980003,0,0,5,0,2,0
2016-06-14_13-29-59,1465903799.18751,0,0,0,0,0,0,1,0,-16,1.620000,1.540000,67.260002,0,0,5,0,2,0
2016-06-14_13-29-59,1465903799.26254,0,0,0,0,0,0,0,0,-2,2.510000,1.490000,65.589996,1,0,5,0,2,0
2016-06-14_13-29-59,1465903799.33689,0,0,0,0,0,0,0,-2,-1,4.740000,0.590000,63.200001,0,0,5,0,2,0
2016-06-14_13-29-59,1465903799.33896,0,0,0,0,0,0,0,-1,3,7.810000,-0.030000,60.099998,0,0,5,0,2,0
2016-06-14_13-29-59,1465903799.37502,0,0,0,0,0,0,2,-2,-7,10.240000,-0.850000,57.080002,0,0,5,0,2,0
2016-06-14_13-29-59,1465903799.45017,0,0,0,0,0,0,6,0,-14,12.400000,-0.640000,53.560001,0,0,5,0,2,0
2016-06-14_13-29-59,1465903799.48752,0,0,0,0,0,0,5,-4,-38,11.030000,-0.900000,51.060001,0,0,5,0,2,0
2016-06-14_13-29-59,1465903799.52504,0,0,0,0,0,0,4,-3,-35,10.270000,0.030000,48.169998,0,0,5,0,2,0
2016-06-14_13-29-59,1465903799.60019,0,0,0,0,0,0,2,0,-21,9.380000,1.970000,44.869999,0,0,5,0,2,0
2016-06-14_13-29-59,1465903799.63741,0,0,0,0,0,0,0,2,-7,7.700000,4.830000,41.720001,1,0,5,0,2,0
2016-06-14_13-29-59,1465903799.67503,0,0,0,0,0,0,0,4,1,6.100000,7.660000,38.639999,0,0,5,0,2,0
2016-06-14_13-29-59,1465903799.75013,0,0,0,0,0,0,0,2,-1,5.180000,9.010000,35.549999,0,0,5,0,2,0
2016-06-14_13-29-59,1465903799.78751,0,0,0,0,0,0,0,3,1,4.880000,8.930000,32.430000,0,0,5,0,2,0
2016-06-14_13-29-59,1465903799.82502,0,0,0,0,0,0,0,-13,-49,4.450000,7.390000,29.580000,0,0,5,0,2,0
2016-06-14_13-29-59,1465903799.90020,0,0,0,0,0,0,0,4,-28,4.980000,5.950000,25.490000,0,0,5,0,2,0
2016-06-14_13-29-59,1465903799.97435,0,0,0,0,0,0,0,0,-37,3.600000,5.810000,22.200001,0,0,5,0,2,0
2016-06-14_13-29-59,1465903799.97641,0,0,0,0,0,0,0,2,-30,2.630000,6.680000,18.629999,0,0,5,0,2,0
2016-06-14_13-30-00,1465903800.05031,0,0,0,0,0,0,1,1,-17,1.890000,7.900000,15.170000,0,0,5,0,2,0
2016-06-14_13-30-00,1465903800.08759,0,0,0,0,0,0,1,1,-4,1.720000,9.000000,11.200000,1,0,5,0,2,0
2016-06-14_13-30-00,1465903800.12505,0,0,0,0,0,0,1,0,-1,1.400000,9.590000,6.640000,0,0,5,0,2,0
2016-06-14_13-30-00,1465903800.20020,0,0,0,0,0,0,1,0,0,1.450000,9.580000,1.510000,0,0,5,0,2,0
2016-06-14_13-30-00,1465903800.23745,0,0,0,0,0,0,0,-6,-26,1.610000,8.670000,356.480011,0,0,5,0,2,0
2016-06-14_13-30-00,1465903800.27506,0,0,0,0,0,0,3,1,-19,2.970000,8.380000,350.540009,0,0,5,0,2,0
2016-06-14_13-30-00,1465903800.35028,0,0,0,0,0,0,4,5,-33,1.770000,7.960000,347.109985,0,0,5,0,2,0
2016-06-14_13-30-00,1465903800.42450,0,0,0,0,0,0,3,0,-32,0.670000,8.020000,347.720001,0,0,5,0,2,0
2016-06-14_13-30-00,1465903800.42683,0,0,0,0,0,0,1,0,-22,0.370000,8.130000,349.609985,0,0,5,0,2,0
2016-06-14_13-30-00,1465903800.50026,0,0,0,0,0,0,0,1,-10,-0.280000,9.230000,351.739990,1,0,5,0,2,0
2016-06-14_13-30-00,1465903800.61187,0,0,0,0,0,0,0,2,1,-1.150000,10.360000,354.070007,0,0,5,0,2,0
2016-06-14_13-30-00,1465903800.61395,0,0,0,0,0,0,-1,0,-2,-1.340000,9.660000,356.519989,0,0,5,0,2,0
2016-06-14_13-30-00,1465903800.68696,0,0,0,0,0,0,0,4,1,-0.240000,7.920000,358.809998,0,0,5,0,2,0
2016-06-14_13-30-00,1465903800.68920,0,0,0,0,0,0,-3,5,-8,-0.120000,6.910000,3.080000,0,0,5,0,2,0
2016-06-14_13-30-00,1465903800.72506,0,0,0,0,0,0,-2,0,-32,0.140000,6.110000,7.810000,0,0,5,0,2,0
2016-06-14_13-30-00,1465903800.80022,0,0,0,0,0,0,-1,1,-35,-0.860000,6.470000,11.650000,0,0,5,0,2,0
2016-06-14_13-30-00,1465903800.83751,0,0,0,0,0,0,-1,3,-24,-1.350000,7.570000,13.820000,0,0,5,0,2,0
2016-06-14_13-30-00,1465903800.87511,0,0,0,0,0,0,0,2,-13,-1.820000,8.600000,15.630000,1,0,5,0,2,0
2016-06-14_13-30-00,1465903800.95022,0,0,0,0,0,0,1,2,-1,-2.360000,9.100000,16.980000,0,0,5,0,2,0
2016-06-14_13-30-00,1465903800.98763,0,0,0,0,0,0,3,1,0,-2.420000,8.240000,17.580000,0,0,5,0,2,0
2016-06-14_13-30-01,1465903801.02507,0,0,0,0,0,0,2,0,1,-1.570000,6.610000,17.709999,0,0,5,0,2,0
2016-06-14_13-30-01,1465903801.10023,0,0,0,0,0,0,1,-12,-38,-0.090000,5.070000,16.090000,0,0,5,0,2,0
2016-06-14_13-30-01,1465903801.13752,0,0,0,0,0,0,4,-2,-27,1.870000,4.640000,8.710000,0,0,5,0,2,0
2016-06-14_13-30-01,1465903801.17505,0,0,0,0,0,0,5,3,-33,0.970000,6.250000,356.130005,0,0,5,0,2,0
2016-06-14_13-30-01,1465903801.25021,0,0,0,0,0,0,3,8,-31,-0.510000,7.460000,343.000000,0,0,5,0,2,0
2016-06-14_13-30-01,1465903801.28763,0,0,0,0,0,0,0,9,-19,-2.720000,7.880000,334.010010,0,0,5,0,2,0
2016-06-14_13-30-01,1465903801.32508,0,0,0,0,0,0,-1,6,-8,-5.880000,8.520000,330.170013,1,0,5,0,2,0
2016-06-14_13-30-01,1465903801.40024,0,0,0,0,0,0,-1,3,0,-7.670000,8.420000,330.109985,0,0,5,0,2,0
2016-06-14_13-30-01,1465903801.43745,0,0,0,0,0,0,0,3,-2,-6.070000,7.460000,331.500000,0,0,5,0,2,0
2016-06-14_13-30-01,1465903801.47507,0,0,0,0,0,0,0,2,-1,-3.500000,5.850000,334.929993,0,0,5,0,2,0
2016-06-14_13-30-01,1465903801.55022,0,0,0,0,0,0,-2,0,-8,-1.410000,3.460000,340.720001,0,0,5,0,2,0
2016-06-14_13-30-01,1465903801.58766,0,0,0,0,0,0,-3,1,-32,-0.270000,1.660000,347.179993,0,0,5,0,2,0
2016-06-14_13-30-01,1465903801.62506,0,0,0,0,0,0,-4,-2,-32,-0.970000,3.300000,353.350006,0,0,5,0,2,0
2016-06-14_13-30-01,1465903801.70034,0,0,0,0,0,0,-3,3,-24,-1.360000,4.090000,356.429993,0,0,5,0,2,0
2016-06-14_13-30-01,1465903801.73737,0,0,0,0,0,0,-1,3,-12,-2.040000,5.050000,358.480011,1,0,5,0,2,0
2016-06-14_13-30-01,1465903801.81262,0,0,0,0,0,0,1,3,-4,-2.310000,5.900000,359.790009,0,0,5,0,2,0
2016-06-14_13-30-01,1465903801.85016,0,0,0,0,0,0,1,2,-1,-2.980000,6.480000,0.980000,0,0,5,0,2,0
2016-06-14_13-30-01,1465903801.88764,0,0,0,0,0,0,1,2,1,-2.560000,6.160000,1.760000,0,0,5,0,2,0
2016-06-14_13-30-01,1465903801.92509,0,0,0,0,0,0,1,-4,-23,-2.140000,4.840000,3.020000,0,0,5,0,2,0
2016-06-14_13-30-02,1465903802.00026,0,0,0,0,0,0,2,5,-19,-0.560000,3.580000,3.810000,0,0,5,0,2,0
2016-06-14_13-30-02,1465903802.03747,0,0,0,0,0,0,1,0,-36,-1.280000,3.900000,5.530000,0,0,5,0,2,0
2016-06-14_13-30-02,1465903802.07526,0,0,0,0,0,0,2,1,-34,-2.040000,4.990000,7.350000,0,0,5,0,2,0
2016-06-14_13-30-02,1465903802.15002,0,0,0,0,0,0,0,0,-24,-2.720000,5.510000,9.240000,0,0,5,0,2,0
2016-06-14_13-30-02,1465903802.18759,0,0,0,0,0,0,0,0,-10,-2.760000,6.590000,10.280000,1,0,5,0,2,0
2016-06-14_13-30-02,1465903802.22519,0,0,0,0,0,0,-1,2,2,-2.980000,7.160000,10.820000,0,0,5,0,2,0
2016-06-14_13-30-02,1465903802.30028,0,0,0,0,0,0,0,0,0,-3.760000,6.320000,11.340000,0,0,5,0,2,0
2016-06-14_13-30-02,1465903802.33748,0,0,0,0,0,0,-1,2,-2,-4.570000,3.550000,11.660000,0,0,5,0,2,0
2016-06-14_13-30-02,1465903802.37519,0,0,0,0,0,0,-2,4,-12,-4.210000,1.210000,11.730000,0,0,5,0,2,0
2016-06-14_13-30-02,1465903802.45015,0,0,0,0,0,0,-2,0,-31,-2.970000,0.350000,11.220000,0,0,5,0,2,0
2016-06-14_13-30-02,1465903802.48760,0,0,0,0,0,0,-3,-1,-32,-2.690000,1.140000,9.920000,0,0,5,0,2,0
2016-06-14_13-30-02,1465903802.52511,0,0,0,0,0,0,-1,3,-25,-2.610000,1.000000,8.120000,0,0,5,0,2,0
2016-06-14_13-30-02,1465903802.60032,0,0,0,0,0,0,1,2,-13,-2.970000,0.830000,7.310000,1,0,5,0,2,0
2016-06-14_13-30-02,1465903802.63770,0,0,0,0,0,0,2,3,-2,-2.940000,1.190000,7.290000,0,0,5,0,2,0
2016-06-14_13-30-02,1465903802.67511,0,0,0,0,0,0,2,1,0,-3.140000,2.660000,8.180000,0,0,5,0,2,0
2016-06-14_13-30-02,1465903802.75015,0,0,0,0,0,0,1,1,0,-2.040000,4.230000,9.110000,0,0,5,0,2,0
2016-06-14_13-30-02,1465903802.78766,0,0,0,0,0,0,2,4,-10,0.390000,4.910000,8.470000,0,0,5,0,2,0
2016-06-14_13-30-02,1465903802.82508,0,0,0,0,0,0,3,8,-43,1.000000,4.910000,7.340000,0,0,5,0,2,0
2016-06-14_13-30-02,1465903802.90036,0,0,0,0,0,0,3,11,-22,1.240000,6.900000,7.350000,0,0,5,0,2,0
2016-06-14_13-30-02,1465903802.93748,0,0,0,0,0,0,2,7,-19,0.990000,6.960000,10.380000,0,0,5,0,2,0
2016-06-14_13-30-02,1465903802.97500,0,0,0,0,0,0,0,4,-13,-0.100000,8.200000,14.760000,1,0,5,0,2,0
2016-06-14_13-30-03,1465903803.05019,0,0,0,0,0,0,0,2,-5,0.430000,10.060000,17.680000,0,0,5,0,2,0
2016-06-14_13-30-03,1465903803.08761,0,0,0,0,0,0,-1,-1,-5,1.420000,11.500000,17.910000,0,0,5,0,2,0
2016-06-14_13-30-03,1465903803.12512,0,0,0,0,0,0,0,0,-3,1.640000,13.810000,13.640000,0,0,5,0,2,0
2016-06-14_13-30-03,1465903803.23752,0,0,0,0,0,0,0,1,-8,0.580000,16.190001,7.370000,0,0,5,0,2,0
2016-06-14_13-30-03,1465903803.23955,0,0,0,0,0,0,-2,1,-6,0.000000,17.100000,1.340000,0,0,5,0,2,0
2016-06-14_13-30-03,1465903803.27512,0,0,0,0,0,0,-6,8,-27,0.310000,16.690001,356.429993,0,0,5,0,2,0
2016-06-14_13-30-03,1465903803.35027,0,0,0,0,0,0,-6,6,-30,0.560000,17.299999,353.510010,0,0,5,0,2,0
2016-06-14_13-30-03,1465903803.38762,0,0,0,0,0,0,-4,6,-24,0.890000,18.110001,351.700012,0,0,5,0,2,0
2016-06-14_13-30-03,1465903803.46260,0,0,0,0,0,0,-2,2,-13,1.560000,19.209999,350.260010,1,0,5,0,2,0
2016-06-14_13-30-03,1465903803.53698,0,0,0,0,0,0,-1,1,-7,2.200000,19.690001,347.940002,0,0,5,0,2,0
2016-06-14_13-30-03,1465903803.53916,0,0,0,0,0,0,-1,0,-4,2.760000,19.469999,344.649994,0,0,5,0,2,0
2016-06-14_13-30-03,1465903803.57513,0,0,0,0,0,0,0,1,0,4.150000,18.969999,340.040009,0,0,5,0,2,0
2016-06-14_13-30-03,1465903803.65023,0,0,0,0,0,0,0,-1,-10,5.350000,17.530001,334.630005,0,0,5,0,2,0
2016-06-14_13-30-03,1465903803.68762,0,0,0,0,0,0,2,2,-28,6.120000,14.310000,327.839996,0,0,5,0,2,0
2016-06-14_13-30-03,1465903803.76262,0,0,0,0,0,0,5,2,-33,5.430000,11.210000,321.130005,0,0,5,0,2,0
2016-06-14_13-30-03,1465903803.80040,0,0,0,0,0,0,7,1,-34,4.540000,7.810000,315.720001,0,0,5,0,2,0
2016-06-14_13-30-03,1465903803.83750,0,0,0,0,0,0,2,4,-19,3.550000,8.220000,311.850006,0,0,5,0,2,0
2016-06-14_13-30-03,1465903803.87514,0,0,0,0,0,0,-1,3,-9,3.190000,10.910000,308.820007,0,0,5,0,2,0
2016-06-14_13-30-03,1465903803.95014,0,0,0,0,0,0,-2,5,3,4.190000,12.220000,305.640015,0,0,5,0,2,0
2016-06-14_13-30-03,1465903803.98762,0,0,0,0,0,0,-1,2,-1,4.280000,11.830000,303.320007,0,0,5,0,2,0
2016-06-14_13-30-04,1465903804.06265,0,0,0,0,0,0,-2,1,-5,5.490000,10.890000,301.649994,1,0,5,0,2,0
2016-06-14_13-30-04,1465903804.10038,0,0,0,0,0,0,-3,2,-10,8.230000,10.190000,300.350006,0,0,5,0,2,0
2016-06-14_13-30-04,1465903804.17444,0,0,0,0,0,0,-5,3,-34,9.610000,9.990000,299.100006,0,0,5,0,2,0
2016-06-14_13-30-04,1465903804.17653,0,0,0,0,0,0,-6,1,-33,8.450000,11.330000,298.369995,0,0,5,0,2,0
2016-06-14_13-30-04,1465903804.25025,0,0,0,0,0,0,-2,3,-26,8.060000,11.740000,297.790009,0,0,5,0,2,0
2016-06-14_13-30-04,1465903804.28764,0,0,0,0,0,0,0,1,-11,7.560000,13.830000,297.709991,1,0,5,0,2,0
2016-06-14_13-30-04,1465903804.39945,0,0,0,0,0,0,1,1,0,7.250000,16.010000,297.190002,0,0,5,0,2,0
2016-06-14_13-30-04,1465903804.40149,0,0,0,0,0,0,1,0,-3,7.690000,17.049999,296.119995,0,0,5,0,2,0
2016-06-14_13-30-04,1465903804.43754,0,0,0,0,0,0,3,3,-1,8.950000,18.160000,294.670013,0,0,5,0,2,0
2016-06-14_13-30-04,1465903804.51266,0,0,0,0,0,0,-3,-2,-28,10.770000,18.160000,293.070007,0,0,5,0,2,0
2016-06-14_13-30-04,1465903804.66199,0,0,0,0,0,0,-3,7,-28,13.120000,17.980000,289.130005,0,0,5,0,2,0
2016-06-14_13-30-04,1465903804.66420,0,0,0,0,0,0,-2,5,-36,11.690000,18.320000,287.510010,0,0,5,0,2,0
2016-06-14_13-30-04,1465903804.66472,0,0,0,0,0,0,-3,5,-27,11.020000,18.820000,286.130005,0,0,5,0,2,0
2016-06-14_13-30-04,1465903804.73704,0,0,0,0,0,0,-3,1,-15,10.350000,20.309999,284.850006,0,0,5,0,2,0
2016-06-14_13-30-04,1465903804.73914,0,0,0,0,0,0,-1,1,-2,9.950000,21.200001,282.959991,1,0,5,0,2,0
2016-06-14_13-30-04,1465903804.77517,0,0,0,0,0,0,-1,0,0,8.560000,21.549999,281.130005,0,0,5,0,2,0
2016-06-14_13-30-04,1465903804.88698,0,0,0,0,0,0,-2,1,0,7.620000,20.900000,278.790009,0,0,5,0,2,0
2016-06-14_13-30-04,1465903804.88905,0,0,0,0,0,0,-4,3,-5,7.300000,18.740000,276.359985,0,0,5,0,2,0
2016-06-14_13-30-04,1465903804.92516,0,0,0,0,0,0,-5,5,-13,7.370000,16.309999,274.420013,0,0,5,0,2,0
2016-06-14_13-30-05,1465903805.00016,0,0,0,0,0,0,-5,5,-34,6.320000,13.980000,274.220001,0,0,5,0,2,0
2016-06-14_13-30-05,1465903805.11202,0,0,0,0,0,0,-5,3,-31,5.800000,13.550000,274.209991,0,0,5,0,2,0
2016-06-14_13-30-05,1465903805.11409,0,0,0,0,0,0,-3,3,-18,5.810000,13.990000,274.089996,0,0,5,0,2,0
2016-06-14_13-30-05,1465903805.15023,0,0,0,0,0,0,-1,3,-7,5.600000,14.400000,274.070007,1,0,5,0,2,0
2016-06-14_13-30-05,1465903805.18773,0,0,0,0,0,0,0,2,0,4.950000,14.900000,273.890015,0,0,5,0,2,0
2016-06-14_13-30-05,1465903805.22514,0,0,0,0,0,0,1,2,0,4.850000,14.010000,272.989990,0,0,5,0,2,0
2016-06-14_13-30-05,1465903805.30015,0,0,0,0,0,0,0,0,-10,5.590000,12.140000,271.519989,0,0,5,0,2,0
2016-06-14_13-30-05,1465903805.33763,0,0,0,0,0,0,3,6,-8,7.270000,11.030000,268.799988,0,0,5,0,2,0
2016-06-14_13-30-05,1465903805.37515,0,0,0,0,0,0,0,3,-36,6.150000,9.740000,268.059998,0,0,5,0,2,0
2016-06-14_13-30-05,1465903805.52473,0,0,0,0,0,0,1,3,-32,6.580000,10.370000,266.220001,0,0,5,0,2,0
2016-06-14_13-30-05,1465903805.52700,0,0,0,0,0,0,0,3,-25,5.610000,11.170000,264.940002,0,0,5,0,2,0
2016-06-14_13-30-05,1465903805.52756,0,0,0,0,0,0,-1,2,-10,4.770000,13.180000,263.540009,1,0,5,0,2,0
2016-06-14_13-30-05,1465903805.60011,0,0,0,0,0,0,-1,2,3,4.070000,14.870000,261.559998,0,0,5,0,2,0
2016-06-14_13-30-05,1465903805.63767,0,0,0,0,0,0,-1,0,-3,2.950000,15.070000,259.640015,0,0,5,0,2,0
2016-06-14_13-30-05,1465903805.71270,0,0,0,0,0,0,-1,3,2,3.480000,14.890000,257.679993,0,0,5,0,2,0
2016-06-14_13-30-05,1465903805.75026,0,0,0,0,0,0,-5,7,-23,3.770000,13.900000,257.000000,0,0,5,0,2,0
2016-06-14_13-30-05,1465903805.78768,0,0,0,0,0,0,-4,6,-33,3.970000,12.750000,256.250000,0,0,5,0,2,0
2016-06-14_13-30-05,1465903805.82517,0,0,0,0,0,0,-5,4,-35,2.950000,12.790000,255.759995,0,0,5,0,2,0
2016-06-14_13-30-05,1465903805.90017,0,0,0,0,0,0,-3,7,-24,3.300000,13.620000,254.229996,0,0,5,0,2,0
2016-06-14_13-30-06,1465903806.01206,0,0,0,0,0,0,-1,4,-13,3.110000,13.940000,253.440002,0,0,5,0,2,0
2016-06-14_13-30-06,1465903806.01414,0,0,0,0,0,0,1,3,-5,2.540000,13.610000,252.869995,1,0,5,0,2,0
2016-06-14_13-30-06,1465903806.08701,0,0,0,0,0,0,0,0,-3,2.250000,12.890000,252.369995,0,0,5,0,2,0
2016-06-14_13-30-06,1465903806.08909,0,0,0,0,0,0,0,0,0,4.200000,11.380000,250.679993,0,0,5,0,2,0
2016-06-14_13-30-06,1465903806.19951,0,0,0,0,0,0,-1,-4,-18,6.860000,9.890000,248.539993,0,0,5,0,2,0
2016-06-14_13-30-06,1465903806.20173,0,0,0,0,0,0,1,8,-12,10.790000,9.480000,244.580002,0,0,5,0,2,0
2016-06-14_13-30-06,1465903806.23759,0,0,0,0,0,0,0,2,-37,10.250000,8.870000,242.940002,0,0,5,0,2,0
2016-06-14_13-30-06,1465903806.31268,0,0,0,0,0,0,1,2,-34,10.020000,8.900000,241.130005,0,0,5,0,2,0
2016-06-14_13-30-06,1465903806.35019,0,0,0,0,0,0,-1,1,-25,10.440000,8.940000,239.580002,0,0,5,0,2,0
2016-06-14_13-30-06,1465903806.42450,0,0,0,0,0,0,-2,1,-9,10.890000,10.740000,238.210007,1,0,5,0,2,0
2016-06-14_13-30-06,1465903806.46283,0,0,0,0,0,0,-2,2,4,10.720000,12.880000,236.929993,0,0,5,0,2,0
2016-06-14_13-30-06,1465903806.53701,0,0,0,0,0,0,-2,-1,-3,10.020000,13.430000,235.360001,0,0,5,0,2,0
2016-06-14_13-30-06,1465903806.53907,0,0,0,0,0,0,-1,0,2,10.110000,11.370000,232.639999,0,0,5,0,2,0
2016-06-14_13-30-06,1465903806.61283,0,0,0,0,0,0,-4,0,-26,10.260000,7.330000,229.789993,0,0,5,0,2,0
2016-06-14_13-30-06,1465903806.65031,0,0,0,0,0,0,-6,0,-31,10.970000,5.550000,226.649994,0,0,5,0,2,0
2016-06-14_13-30-06,1465903806.72453,0,0,0,0,0,0,-4,1,-35,11.200000,5.080000,224.110001,0,0,5,0,2,0
2016-06-14_13-30-06,1465903806.72659,0,0,0,0,0,0,-1,0,-28,10.150000,4.850000,222.520004,0,0,5,0,2,0
2016-06-14_13-30-06,1465903806.83703,0,0,0,0,0,0,0,0,-16,9.600000,4.280000,221.339996,0,0,5,0,2,0
2016-06-14_13-30-06,1465903806.83909,0,0,0,0,0,0,1,2,-2,9.490000,4.080000,219.960007,1,0,5,0,2,0
2016-06-14_13-30-06,1465903806.91273,0,0,0,0,0,0,1,0,-4,8.540000,4.420000,218.520004,0,0,5,0,2,0
2016-06-14_13-30-06,1465903806.95028,0,0,0,0,0,0,1,1,1,8.530000,4.580000,216.160004,0,0,5,0,2,0
2016-06-14_13-30-07,1465903807.02453,0,0,0,0,0,0,0,-4,-23,8.870000,3.990000,213.699997,0,0,5,0,2,0
2016-06-14_13-30-07,1465903807.02660,0,0,0,0,0,0,2,2,-23,10.860000,3.200000,210.059998,0,0,5,0,2,0
2016-06-14_13-30-07,1465903807.10017,0,0,0,0,0,0,2,-1,-38,10.320000,2.320000,207.509995,0,0,5,0,2,0
2016-06-14_13-30-07,1465903807.13777,0,0,0,0,0,0,3,1,-32,9.000000,3.090000,205.279999,0,0,5,0,2,0
2016-06-14_13-30-07,1465903807.24961,0,0,0,0,0,0,1,0,-20,6.930000,4.840000,203.570007,0,0,5,0,2,0
2016-06-14_13-30-07,1465903807.25174,0,0,0,0,0,0,0,1,-7,6.670000,6.520000,201.139999,1,0,5,0,2,0
2016-06-14_13-30-07,1465903807.32461,0,0,0,0,0,0,0,2,2,6.790000,7.990000,198.759995,0,0,5,0,2,0
2016-06-14_13-30-07,1465903807.32668,0,0,0,0,0,0,-1,0,0,6.680000,8.730000,196.880005,0,0,5,0,2,0
2016-06-14_13-30-07,1465903807.40018,0,0,0,0,0,0,-2,0,0,7.390000,8.190000,195.110001,0,0,5,0,2,0
2016-06-14_13-30-07,1465903807.43773,0,0,0,0,0,0,-5,0,-18,8.290000,6.110000,193.740005,0,0,5,0,2,0
2016-06-14_13-30-07,1465903807.47519,0,0,0,0,0,0,-4,2,-36,8.350000,5.150000,192.970001,0,0,5,0,2,0
2016-06-14_13-30-07,1465903807.55030,0,0,0,0,0,0,-5,0,-37,6.360000,6.850000,193.539993,0,0,5,0,2,0
2016-06-14_13-30-07,1465903807.58772,0,0,0,0,0,0,-2,4,-27,5.970000,7.830000,193.940002,0,0,5,0,2,0
2016-06-14_13-30-07,1465903807.62523,0,0,0,0,0,0,0,2,-10,5.010000,9.880000,195.869995,0,0,5,0,2,0
2016-06-14_13-30-07,1465903807.70019,0,0,0,0,0,0,2,0,0,3.250000,13.000000,198.050003,0,0,5,0,2,0
2016-06-14_13-30-07,1465903807.73770,0,0,0,0,0,0,3,0,-3,2.140000,15.350000,198.619995,0,0,5,0,2,0
2016-06-14_13-30-07,1465903807.77524,0,0,0,0,0,0,2,1,1,3.150000,15.850000,197.110001,1,0,5,0,2,0
2016-06-14_13-30-07,1465903807.85034,0,0,0,0,0,0,-1,-2,-36,5.520000,14.760000,195.020004,0,0,5,0,2,0
2016-06-14_13-30-07,1465903807.88774,0,0,0,0,0,0,-2,7,-27,8.640000,14.960000,192.389999,0,0,5,0,2,0
2016-06-14_13-30-07,1465903807.96279,0,0,0,0,0,0,-2,5,-38,8.020000,16.700001,192.009995,0,0,5,0,2,0
2016-06-14_13-30-08,1465903808.03704,0,0,0,0,0,0,-2,5,-27,7.690000,19.260000,191.080002,0,0,5,0,2,0
2016-06-14_13-30-08,1465903808.03908,0,0,0,0,0,0,-3,4,-11,7.530000,23.580000,189.789993,0,0,5,0,2,0
2016-06-14_13-30-08,1465903808.07525,0,0,0,0,0,0,-2,4,2,6.650000,28.520000,189.119995,1,0,5,0,2,0
2016-06-14_13-30-08,1465903808.15034,0,0,0,0,0,0,-2,2,0,5.350000,31.490000,189.270004,0,0,5,0,2,0
2016-06-14_13-30-08,1465903808.18776,0,0,0,0,0,0,-1,1,0,4.620000,32.480000,189.149994,0,0,5,0,2,0
2016-06-14_13-30-08,1465903808.22523,0,0,0,0,0,0,-2,1,-5,4.260000,32.009998,188.589996,0,0,5,0,2,0
2016-06-14_13-30-08,1465903808.30017,0,0,0,0,0,0,-11,6,-5,4.710000,30.299999,185.809998,0,0,5,0,2,0
2016-06-14_13-30-08,1465903808.33775,0,0,0,0,0,0,-11,15,-26,4.020000,26.879999,183.460007,0,0,5,0,2,0
2016-06-14_13-30-08,1465903808.37526,0,0,0,0,0,0,-10,7,-33,3.070000,24.760000,182.710007,0,0,5,0,2,0
2016-06-14_13-30-08,1465903808.45030,0,0,0,0,0,0,-6,8,-20,3.840000,23.730000,181.130005,0,0,5,0,2,0
2016-06-14_13-30-08,1465903808.48774,0,0,0,0,0,0,-3,5,-8,3.310000,23.530001,181.070007,1,0,5,0,2,0
2016-06-14_13-30-08,1465903808.56285,0,0,0,0,0,0,0,2,2,2.820000,21.690001,180.850006,0,0,5,0,2,0
2016-06-14_13-30-08,1465903808.60021,0,0,0,0,0,0,1,0,-2,3.170000,17.650000,180.220001,0,0,5,0,2,0
2016-06-14_13-30-08,1465903808.67475,0,0,0,0,0,0,2,3,0,4.560000,14.270000,178.800003,0,0,5,0,2,0
2016-06-14_13-30-08,1465903808.67681,0,0,0,0,0,0,0,-1,-26,6.000000,11.410000,177.589996,0,0,5,0,2,0
2016-06-14_13-30-08,1465903808.82461,0,0,0,0,0,0,0,4,-37,7.500000,8.660000,176.309998,0,0,5,0,2,0
2016-06-14_13-30-08,1465903808.82686,0,0,0,0,0,0,0,0,-35,7.620000,8.020000,174.839996,0,0,5,0,2,0
2016-06-14_13-30-08,1465903808.82738,0,0,0,0,0,0,0,0,-29,7.310000,6.510000,172.800003,0,0,5,0,2,0
2016-06-14_13-30-09,1465903809.04970,0,0,0,0,0,0,0,1,-17,5.570000,7.120000,170.919998,0,0,5,0,2,0
2016-06-14_13-30-09,1465903809.05177,0,0,0,0,0,0,-1,1,0,4.020000,9.350000,168.979996,1,0,5,0,2,0
2016-06-14_13-30-09,1465903809.05222,0,0,0,0,0,0,-2,0,1,2.390000,9.700000,166.630005,0,0,5,0,2,0
2016-06-14_13-30-09,1465903809.05398,0,0,0,0,0,0,0,2,0,1.200000,8.680000,162.800003,0,0,5,0,2,0
2016-06-14_13-30-09,1465903809.19975,0,0,0,0,0,0,-2,3,-5,0.160000,7.000000,159.229996,0,0,5,0,2,0
2016-06-14_13-30-09,1465903809.20188,0,0,0,0,0,0,-2,6,-12,0.500000,5.420000,156.399994,0,0,5,0,2,0
2016-06-14_13-30-09,1465903809.20245,0,0,0,0,0,0,-1,7,-33,0.310000,4.810000,155.539993,0,0,5,0,2,0
2016-06-14_13-30-09,1465903809.23780,0,0,0,0,0,0,-1,2,-37,-0.670000,5.570000,155.880005,0,0,5,0,2,0
2016-06-14_13-30-09,1465903809.27527,0,0,0,0,0,0,-1,4,-25,-0.010000,6.510000,155.479996,0,0,5,0,2,0
2016-06-14_13-30-09,1465903809.38709,0,0,0,0,0,0,0,2,-8,0.820000,8.440000,156.190002,1,0,5,0,2,0
2016-06-14_13-30-09,1465903809.38909,0,0,0,0,0,0,0,1,0,1.530000,9.680000,157.750000,0,0,5,0,2,0
2016-06-14_13-30-09,1465903809.42527,0,0,0,0,0,0,2,0,-1,4.220000,9.040000,158.740005,0,0,5,0,2,0
2016-06-14_13-30-09,1465903809.50023,0,0,0,0,0,0,2,0,0,8.270000,6.620000,158.770004,0,0,5,0,2,0
2016-06-14_13-30-09,1465903809.53784,0,0,0,0,0,0,-2,-3,-18,10.710000,4.950000,158.500000,0,0,5,0,2,0
2016-06-14_13-30-09,1465903809.57529,0,0,0,0,0,0,0,1,-31,12.510000,5.320000,157.419998,0,0,5,0,2,0
2016-06-14_13-30-09,1465903809.68709,0,0,0,0,0,0,1,0,-35,11.390000,5.720000,157.210007,0,0,5,0,2,0
2016-06-14_13-30-09,1465903809.68922,0,0,0,0,0,0,1,0,-28,9.860000,5.930000,156.360001,0,0,5,0,2,0
2016-06-14_13-30-09,1465903809.72530,0,0,0,0,0,0,0,0,-15,7.780000,7.790000,155.229996,0,0,5,0,2,0
2016-06-14_13-30-09,1465903809.83777,0,0,0,0,0,0,0,0,-3,6.280000,9.950000,153.869995,1,0,5,0,2,0
2016-06-14_13-30-09,1465903809.83977,0,0,0,0,0,0,0,0,2,5.760000,11.170000,151.559998,0,0,5,0,2,0
2016-06-14_13-30-09,1465903809.91280,0,0,0,0,0,0,-2,3,-1,5.470000,10.480000,149.119995,0,0,5,0,2,0
2016-06-14_13-30-09,1465903809.95039,0,0,0,0,0,0,-4,3,-21,5.070000,9.160000,147.119995,0,0,5,0,2,0
2016-06-14_13-30-09,1465903809.98779,0,0,0,0,0,0,-3,2,-28,4.520000,6.680000,145.139999,0,0,5,0,2,0
2016-06-14_13-30-10,1465903810.02529,0,0,0,0,0,0,-3,2,-38,4.880000,4.700000,141.130005,0,0,5,0,2,0
2016-06-14_13-30-10,1465903810.10017,0,0,0,0,0,0,-1,5,-27,4.430000,5.440000,137.350006,0,0,5,0,2,0
2016-06-14_13-30-10,1465903810.13778,0,0,0,0,0,0,0,2,-14,2.820000,5.900000,135.479996,0,0,5,0,2,0
2016-06-14_13-30-10,1465903810.17530,0,0,0,0,0,0,0,1,-2,2.180000,5.720000,133.729996,1,0,5,0,2,0
2016-06-14_13-30-10,1465903810.25078,0,0,0,0,0,0,0,-1,0,2.180000,5.650000,131.440002,0,0,5,0,2,0
2016-06-14_13-30-10,1465903810.28787,0,0,0,0,0,0,1,1,1,2.890000,4.570000,128.509995,0,0,5,0,2,0
2016-06-14_13-30-10,1465903810.32528,0,0,0,0,0,0,2,-6,-29,3.480000,3.060000,125.709999,0,0,5,0,2,0
2016-06-14_13-30-10,1465903810.40030,0,0,0,0,0,0,7,5,-17,5.570000,2.320000,121.760002,0,0,5,0,2,0
2016-06-14_13-30-10,1465903810.43780,0,0,0,0,0,0,6,2,-37,4.520000,1.580000,118.709999,0,0,5,0,2,0
2016-06-14_13-30-10,1465903810.51278,0,0,0,0,0,0,6,0,-33,4.400000,1.230000,116.180000,0,0,5,0,2,0
2016-06-14_13-30-10,1465903810.55031,0,0,0,0,0,0,3,0,-22,4.430000,0.970000,114.440002,0,0,5,0,2,0
2016-06-14_13-30-10,1465903810.62462,0,0,0,0,0,0,0,1,-7,3.470000,2.870000,112.599998,1,0,5,0,2,0
2016-06-14_13-30-10,1465903810.66290,0,0,0,0,0,0,-1,2,4,2.290000,4.330000,111.160004,0,0,5,0,2,0
2016-06-14_13-30-10,1465903810.70028,0,0,0,0,0,0,-1,0,-2,1.690000,4.210000,109.720001,0,0,5,0,2,0
2016-06-14_13-30-10,1465903810.73807,0,0,0,0,0,0,-1,3,-1,1.960000,3.450000,108.500000,0,0,5,0,2,0
